datetime,month,day,hour,true_value,predicted_value
2022-08-02 00:00:00,8,2,0,1.79045,2.2652159
2022-08-02 01:00:00,8,2,1,0.96433336,1.2438418
2022-08-02 02:00:00,8,2,2,0.9697833,1.136091
2022-08-02 03:00:00,8,2,3,0.98003334,1.1892828
2022-08-02 04:00:00,8,2,4,0.97368336,0.9818296
2022-08-02 05:00:00,8,2,5,1.41885,1.2237837
2022-08-02 06:00:00,8,2,6,1.8283666,1.3176429
2022-08-02 07:00:00,8,2,7,1.4670167,1.3220352
2022-08-02 08:00:00,8,2,8,0.97321665,0.97627634
2022-08-02 09:00:00,8,2,9,1.4841334,1.1078635
2022-08-02 10:00:00,8,2,10,1.8785334,1.1177331
2022-08-02 11:00:00,8,2,11,2.6247,1.6734004
2022-08-02 12:00:00,8,2,12,2.3644166,1.8948622
2022-08-02 13:00:00,8,2,13,1.7574,1.6809796
2022-08-02 14:00:00,8,2,14,2.0072668,1.5424721
2022-08-02 15:00:00,8,2,15,1.0462667,1.4081483
2022-08-02 16:00:00,8,2,16,0.6874,1.3034729
2022-08-02 17:00:00,8,2,17,0.66111666,1.0074966
2022-08-02 18:00:00,8,2,18,2.25715,2.4607084
2022-08-02 19:00:00,8,2,19,1.5694667,1.9298322
2022-08-02 20:00:00,8,2,20,4.6877832,3.917752
2022-08-02 21:00:00,8,2,21,4.039583,3.8096638
2022-08-02 22:00:00,8,2,22,2.9469,3.0151134
2022-08-02 23:00:00,8,2,23,2.2459,2.352989
2022-08-03 00:00:00,8,3,0,0.91288334,1.383639
2022-08-03 01:00:00,8,3,1,0.83335,1.289564
2022-08-03 02:00:00,8,3,2,0.8093,1.1947051
2022-08-03 03:00:00,8,3,3,0.82605,1.0646483
2022-08-03 04:00:00,8,3,4,0.82056665,0.99773854
2022-08-03 05:00:00,8,3,5,1.2138333,1.040511
2022-08-03 06:00:00,8,3,6,0.776,1.2312275
2022-08-03 07:00:00,8,3,7,0.83126664,1.3048558
2022-08-03 08:00:00,8,3,8,0.57005,1.0160681
2022-08-03 09:00:00,8,3,9,0.84525,1.0847803
2022-08-03 10:00:00,8,3,10,1.2543666,1.4645302
2022-08-03 11:00:00,8,3,11,0.53393334,1.2732445
2022-08-03 12:00:00,8,3,12,0.51738334,1.2172878
2022-08-03 13:00:00,8,3,13,1.53225,1.3800753
2022-08-03 14:00:00,8,3,14,1.41865,1.4370886
2022-08-03 15:00:00,8,3,15,0.57338333,1.3471458
2022-08-03 16:00:00,8,3,16,0.72395,1.3483955
2022-08-03 17:00:00,8,3,17,1.8375334,1.5270123
2022-08-03 18:00:00,8,3,18,4.254133,2.5544887
2022-08-03 19:00:00,8,3,19,4.2929335,3.5304856
2022-08-03 20:00:00,8,3,20,4.10335,3.054679
2022-08-03 21:00:00,8,3,21,2.7808,2.5318189
2022-08-03 22:00:00,8,3,22,2.1478834,2.210144
2022-08-03 23:00:00,8,3,23,1.9812167,1.8345529
2022-08-04 00:00:00,8,4,0,1.1093833,1.5558578
2022-08-04 01:00:00,8,4,1,1.0117667,1.341574
2022-08-04 02:00:00,8,4,2,2.1897666,1.4373065
2022-08-04 03:00:00,8,4,3,2.1816332,1.2629815
2022-08-04 04:00:00,8,4,4,1.71535,1.2879109
2022-08-04 05:00:00,8,4,5,0.99343336,1.2989116
2022-08-04 06:00:00,8,4,6,1.92805,1.3342582
2022-08-04 07:00:00,8,4,7,0.92415,1.1416439
2022-08-04 08:00:00,8,4,8,0.7346333,1.1108902
2022-08-04 09:00:00,8,4,9,0.84395,1.1967676
2022-08-04 10:00:00,8,4,10,0.74285,1.1838017
2022-08-04 11:00:00,8,4,11,0.68943334,1.2426792
2022-08-04 12:00:00,8,4,12,0.70813334,1.3084186
2022-08-04 13:00:00,8,4,13,0.637275,0.89089394
2022-08-04 14:00:00,8,4,14,0.6551833,1.1108686
2022-08-04 15:00:00,8,4,15,0.63085,1.2963855
2022-08-04 16:00:00,8,4,16,0.65571666,1.799382
2022-08-04 17:00:00,8,4,17,1.0198667,1.4625578
2022-08-04 18:00:00,8,4,18,2.7401333,1.9540106
2022-08-04 19:00:00,8,4,19,2.0481834,2.153298
2022-08-04 20:00:00,8,4,20,3.0580332,2.7312567
2022-08-04 21:00:00,8,4,21,3.6221,3.0929053
2022-08-04 22:00:00,8,4,22,3.5694,3.226146
2022-08-04 23:00:00,8,4,23,2.3449333,1.99344
2022-08-05 00:00:00,8,5,0,2.2084167,1.5009042
2022-05-28 02:00:00,3,228,2,0.6598667,1.2130753
2022-05-28 03:00:00,3,228,3,0.646575,1.2616792
2022-05-28 04:00:00,3,228,4,0.6027333,1.2405827
2022-05-28 05:00:00,3,228,5,0.8318,1.1782933
2022-05-28 06:00:00,3,228,6,0.79543334,1.216969
2022-05-28 07:00:00,3,228,7,0.84748334,1.1497182
2022-05-28 08:00:00,3,228,8,0.85008335,0.7769631
2022-05-28 09:00:00,3,228,9,0.81443334,0.60885715
2022-05-28 10:00:00,3,228,10,0.9618833,0.7428404
2022-05-28 11:00:00,3,228,11,0.8889667,0.88549143
2022-05-28 12:00:00,3,228,12,0.96278334,0.86361814
2022-05-28 13:00:00,3,228,13,0.7327333,0.68501645
2022-05-28 14:00:00,3,228,14,0.6705667,0.65520114
2022-05-28 15:00:00,3,228,15,0.69341666,0.5361594
2022-05-28 16:00:00,3,228,16,1.2048,0.78474
2022-05-28 17:00:00,3,228,17,3.0803833,1.6849432
2022-05-28 18:00:00,3,228,18,2.0810666,1.8070538
2022-05-28 19:00:00,3,228,19,1.9068667,2.065661
2022-05-28 20:00:00,3,228,20,1.4044666,1.7182115
2022-05-28 21:00:00,3,228,21,1.5752667,1.4416339
2022-05-28 22:00:00,3,228,22,3.0105166,1.6981944
2022-05-28 23:00:00,3,228,23,1.12885,1.198254
2022-05-29 00:00:00,3,229,0,0.9118,1.1712648
2022-05-29 01:00:00,3,229,1,0.8638,1.060808
2022-05-29 02:00:00,3,229,2,0.8713,1.2894822
2022-05-29 03:00:00,3,229,3,0.8490667,1.1153629
2022-05-29 04:00:00,3,229,4,2.68935,1.0468825
2022-05-29 05:00:00,3,229,5,0.6757333,0.86378294
2022-05-29 06:00:00,3,229,6,0.71353334,0.97838783
2022-05-29 07:00:00,3,229,7,1.9544333,1.1007565
2022-05-29 08:00:00,3,229,8,1.5627333,1.0643859
2022-05-29 09:00:00,3,229,9,1.0958667,0.84627247
2022-05-29 10:00:00,3,229,10,1.0458333,0.8514929
2022-05-29 11:00:00,3,229,11,0.45886666,0.8946454
2022-05-29 12:00:00,3,229,12,0.38916665,0.5584713
2022-05-29 13:00:00,3,229,13,0.42236668,0.6140286
2022-05-29 14:00:00,3,229,14,0.43016666,0.53518426
2022-05-29 15:00:00,3,229,15,1.6673666,0.68594646
2022-05-29 16:00:00,3,229,16,1.4033,0.94008625
2022-05-29 17:00:00,3,229,17,4.7414165,1.932697
2022-05-29 18:00:00,3,229,18,3.2341833,2.3113241
2022-05-29 19:00:00,3,229,19,1.0413333,2.0777743
2022-05-29 20:00:00,3,229,20,0.81991667,2.0415711
2022-05-29 21:00:00,3,229,21,0.54623336,1.7199557
2022-05-29 22:00:00,3,229,22,1.934,2.3326662
2022-05-29 23:00:00,3,229,23,2.9496834,2.0132718
2022-05-30 00:00:00,3,230,0,1.6621667,1.2477391
2022-05-30 01:00:00,3,230,1,0.604,0.9760923
2022-05-30 02:00:00,3,230,2,0.6336333,0.99507153
2022-05-30 03:00:00,3,230,3,0.639,1.1102744
2022-05-30 04:00:00,3,230,4,0.56853336,0.76324457
2022-05-30 05:00:00,3,230,5,0.6410667,1.0352393
2022-05-30 06:00:00,3,230,6,0.6885833,1.0147033
2022-05-30 07:00:00,3,230,7,0.59218335,0.8038843
2022-05-30 08:00:00,3,230,8,0.7967,1.1250408
2022-05-30 09:00:00,3,230,9,1.0570667,0.8539529
2022-05-30 10:00:00,3,230,10,1.37065,1.164775
2022-05-30 11:00:00,3,230,11,1.1845666,1.1155895
2022-05-30 12:00:00,3,230,12,0.68875,1.0639155
2022-05-30 13:00:00,3,230,13,0.8921,0.69117326
2022-05-30 14:00:00,3,230,14,1.2761333,0.82588667
2022-05-30 15:00:00,3,230,15,1.37605,0.8980077
2022-05-30 16:00:00,3,230,16,0.90695,1.0221905
2022-05-30 17:00:00,3,230,17,0.53036666,1.1019882
2022-05-30 18:00:00,3,230,18,1.0926334,2.1085901
2022-05-30 19:00:00,3,230,19,4.9015164,3.7032926
2022-05-30 20:00:00,3,230,20,3.0702834,1.8773243
2022-05-30 21:00:00,3,230,21,1.1216834,1.2741549
2022-05-30 22:00:00,3,230,22,1.5270833,1.4249461
2022-05-30 23:00:00,3,230,23,0.6706833,1.1890093
2022-05-31 00:00:00,3,231,0,0.66739166,1.6424654
2022-05-31 01:00:00,3,231,1,0.6024333,0.9723348
2022-05-31 02:00:00,3,231,2,0.68221664,0.70345116
2022-05-31 03:00:00,3,231,3,0.66768336,0.89173967
2022-05-31 04:00:00,3,231,4,0.8214167,1.271301
2022-05-31 05:00:00,3,231,5,0.896,0.789612
2022-05-31 06:00:00,3,231,6,0.82456666,0.995317
2022-05-31 07:00:00,3,231,7,0.39956668,1.0038043
2022-05-31 08:00:00,3,231,8,0.40431666,0.7692254
2022-05-31 09:00:00,3,231,9,0.38053334,0.61332273
2022-05-31 10:00:00,3,231,10,0.42133334,0.67024595
2022-05-31 11:00:00,3,231,11,0.37863332,0.7380527
2022-05-31 12:00:00,3,231,12,0.39991668,0.36149344
2022-05-31 13:00:00,3,231,13,0.5255833,0.43624836
2022-05-31 14:00:00,3,231,14,0.8336,0.6631755
2022-05-31 15:00:00,3,231,15,0.40173334,0.6301667
2022-05-31 16:00:00,3,231,16,0.37823334,0.94266135
2022-05-31 17:00:00,3,231,17,0.43053332,1.1392455
2022-05-31 18:00:00,3,231,18,0.73835,1.23761
2022-05-31 19:00:00,3,231,19,1.55745,1.4655471
2022-05-31 20:00:00,3,231,20,3.0893,1.9888824
2022-05-31 21:00:00,3,231,21,1.0182,1.9496179
2022-05-31 22:00:00,3,231,22,1.3349833,1.74604
2022-05-31 23:00:00,3,231,23,0.7088,1.5379696
2022-08-01 00:00:00,5,301,0,0.90745,0.81457794
2022-08-01 01:00:00,5,301,1,0.6297167,0.90435356
2022-08-01 02:00:00,5,301,2,0.5764833,0.798808
2022-08-01 03:00:00,5,301,3,0.66681665,0.87596023
2022-08-01 04:00:00,5,301,4,0.58965,0.8312296
2022-08-01 05:00:00,5,301,5,1.04985,0.8301076
2022-08-01 06:00:00,5,301,6,1.4777,1.0598109
2022-08-01 07:00:00,5,301,7,0.42086667,0.98184854
2022-08-01 08:00:00,5,301,8,0.50848335,0.6638221
2022-08-01 09:00:00,5,301,9,0.38538334,0.61616236
2022-08-01 10:00:00,5,301,10,1.7107,1.1080447
2022-08-01 11:00:00,5,301,11,2.95995,2.1830623
2022-08-01 12:00:00,5,301,12,3.1022832,2.0014923
2022-08-01 13:00:00,5,301,13,2.3224,1.5524588
2022-08-01 14:00:00,5,301,14,1.0526667,0.8364991
2022-08-01 15:00:00,5,301,15,1.3877167,1.0903573
2022-08-01 16:00:00,5,301,16,0.62018335,1.4701015
2022-08-01 17:00:00,5,301,17,0.46566668,1.2056347
2022-08-01 18:00:00,5,301,18,0.56275,1.6399318
2022-08-01 19:00:00,5,301,19,0.52396667,1.4605702
2022-08-01 20:00:00,5,301,20,0.37985,1.2586036
2022-08-01 21:00:00,5,301,21,0.56185,1.1678824
2022-08-01 22:00:00,5,301,22,1.4746166,0.7795524
2022-08-01 23:00:00,5,301,23,2.6988,1.4151345
2022-08-02 00:00:00,5,302,0,1.2399167,0.7576675
2022-08-02 01:00:00,5,302,1,0.66495,0.7979834
2022-08-02 02:00:00,5,302,2,0.6935,0.82315004
2022-08-02 03:00:00,5,302,3,0.64556664,0.8807221
2022-08-02 04:00:00,5,302,4,1.1922834,0.9182936
2022-08-02 05:00:00,5,302,5,1.2892333,1.0453224
2022-08-02 06:00:00,5,302,6,1.0049334,0.8323686
2022-08-02 07:00:00,5,302,7,0.34841666,0.7330682
2022-08-02 08:00:00,5,302,8,0.42431667,0.43822837
2022-08-02 09:00:00,5,302,9,0.32333332,0.6627494
2022-08-02 10:00:00,5,302,10,1.73675,0.9025184
2022-08-02 11:00:00,5,302,11,2.5127168,1.6164289
2022-08-02 12:00:00,5,302,12,2.5969167,1.6308792
2022-08-02 13:00:00,5,302,13,0.8585,0.77869314
2022-08-02 14:00:00,5,302,14,0.41658333,0.9245755
2022-08-02 15:00:00,5,302,15,0.36206666,0.6851277
2022-08-02 16:00:00,5,302,16,0.7575833,0.7844214
2022-08-02 17:00:00,5,302,17,1.0717334,0.60908353
2022-08-02 18:00:00,5,302,18,0.58503336,0.90556407
2022-08-02 19:00:00,5,302,19,0.9126667,1.1641611
2022-08-02 20:00:00,5,302,20,0.39333335,0.8232822
2022-08-02 21:00:00,5,302,21,0.38646665,0.67619205
2022-08-02 22:00:00,5,302,22,0.7101,0.5866722
2022-08-02 23:00:00,5,302,23,1.5123333,0.8938851
2022-08-03 00:00:00,5,303,0,0.97865,1.0513557
2022-08-03 01:00:00,5,303,1,0.56413335,0.9079476
2022-08-03 02:00:00,5,303,2,0.6523333,0.983441
2022-08-03 03:00:00,5,303,3,0.5758833,0.9651393
2022-08-03 04:00:00,5,303,4,0.68623334,0.8151278
2022-08-03 05:00:00,5,303,5,1.41725,1.0905612
2022-08-03 06:00:00,5,303,6,0.83931667,1.0073594
2022-08-03 07:00:00,5,303,7,0.37096667,0.69037277
2022-08-03 08:00:00,5,303,8,0.39678332,0.64813286
2022-08-03 09:00:00,5,303,9,0.35586667,0.58396435
2022-08-03 10:00:00,5,303,10,0.69698334,0.723576
2022-08-03 11:00:00,5,303,11,0.77246666,1.2809043
2022-08-03 12:00:00,5,303,12,1.5294167,1.5356234
2022-08-03 13:00:00,5,303,13,1.3870333,1.1507592
2022-08-03 14:00:00,5,303,14,0.66788334,1.0677145
2022-08-03 15:00:00,5,303,15,0.58185,0.7728703
2022-08-03 16:00:00,5,303,16,0.44086668,0.70441467
2022-08-03 17:00:00,5,303,17,0.35226667,0.61130613
2022-08-03 18:00:00,5,303,18,0.48113334,0.9338766
2022-08-03 19:00:00,5,303,19,0.72775,0.9166554
2022-08-03 20:00:00,5,303,20,1.06105,0.81320685
2022-08-03 21:00:00,5,303,21,0.50556666,0.6483955
2022-08-03 22:00:00,5,303,22,0.7418,0.69963723
2022-08-03 23:00:00,5,303,23,0.57493335,0.9579363
2022-08-04 00:00:00,5,304,0,0.6054417,0.8413992
2022-08-04 01:00:00,5,304,1,0.57016665,0.76770806
2022-08-04 02:00:00,5,304,2,2.1539166,0.9853031
2022-08-04 03:00:00,5,304,3,1.49455,1.003568
2022-08-04 04:00:00,5,304,4,1.12795,0.81777036
2022-08-04 05:00:00,5,304,5,1.0158666,1.2509568
2022-08-04 06:00:00,5,304,6,1.3866125,0.9790555
2022-08-04 07:00:00,5,304,7,0.496,0.71888727
2022-08-04 08:00:00,5,304,8,0.39753333,0.61171544
2022-08-04 09:00:00,5,304,9,0.35471666,0.610368
2022-08-04 10:00:00,5,304,10,1.7874833,1.1436875
2022-08-04 11:00:00,5,304,11,2.4221666,1.9229867
2022-08-04 12:00:00,5,304,12,2.5046167,1.6352297
2022-08-04 13:00:00,5,304,13,0.5118333,0.9941532
2022-08-04 14:00:00,5,304,14,0.48396668,0.92206454
2022-08-04 15:00:00,5,304,15,0.35955,0.84355074
2022-08-04 16:00:00,5,304,16,0.38243333,0.79901946
2022-08-04 17:00:00,5,304,17,0.35963333,0.91429675
2022-08-04 18:00:00,5,304,18,0.36913332,1.1182162
2022-08-04 19:00:00,5,304,19,0.61626667,1.3983649
2022-08-04 20:00:00,5,304,20,2.4056833,1.4544476
2022-08-04 21:00:00,5,304,21,0.66186666,1.2530363
2022-08-04 22:00:00,5,304,22,1.69315,1.0384059
2022-08-04 23:00:00,5,304,23,0.59423333,1.1770207
2022-08-05 00:00:00,5,305,0,0.97581667,0.8293111
2022-09-05 01:00:00,6,305,1,0.41836667,0.88277704
2022-09-05 02:00:00,6,305,2,0.5132667,0.8890842
2022-09-05 03:00:00,6,305,3,0.29071668,1.0109619
2022-09-05 04:00:00,6,305,4,0.057,0.9906556
2022-09-05 05:00:00,6,305,5,0.88553333,1.0346247
2022-09-05 06:00:00,6,305,6,1.7271,1.1596866
2022-09-05 07:00:00,6,305,7,0.514,1.2546864
2022-09-05 08:00:00,6,305,8,0.41456667,1.0154985
2022-09-05 09:00:00,6,305,9,1.2627167,0.7529763
2022-09-05 10:00:00,6,305,10,1.9753166,0.9776839
2022-09-05 11:00:00,6,305,11,2.4163334,1.5245824
2022-09-05 12:00:00,6,305,12,2.4774,1.2768826
2022-09-05 13:00:00,6,305,13,0.5980167,0.9955664
2022-09-05 14:00:00,6,305,14,0.38596666,1.246136
2022-09-05 15:00:00,6,305,15,0.5302,0.79058033
2022-09-05 16:00:00,6,305,16,1.66665,0.82304406
2022-09-05 17:00:00,6,305,17,0.899,0.88974446
2022-09-05 18:00:00,6,305,18,0.600375,0.95992595
2022-09-05 19:00:00,6,305,19,3.1279833,0.9701723
2022-09-05 20:00:00,6,305,20,2.2015667,1.5380832
2022-09-05 21:00:00,6,305,21,0.14650008,1.2225114
2022-09-05 22:00:00,6,305,22,0.6712667,0.7684703
2022-09-05 23:00:00,6,305,23,0.5761833,0.9021686
2022-09-06 00:00:00,6,306,0,0.962,0.7177143
2022-09-06 01:00:00,6,306,1,0.631,0.746949
2022-09-06 02:00:00,6,306,2,0.99841666,0.7810216
2022-09-06 03:00:00,6,306,3,1.6108,0.74458414
2022-09-06 04:00:00,6,306,4,1.4626833,0.8171432
2022-09-06 05:00:00,6,306,5,0.6483667,0.7476952
2022-09-06 06:00:00,6,306,6,1.2176666,1.4158654
2022-09-06 07:00:00,6,306,7,0.97096664,1.8148751
2022-09-06 08:00:00,6,306,8,1.0254333,0.6798771
2022-09-06 09:00:00,6,306,9,0.7482333,0.4636969
2022-09-06 10:00:00,6,306,10,1.5703666,1.1007167
2022-09-06 11:00:00,6,306,11,1.24885,1.4038128
2022-09-06 12:00:00,6,306,12,2.285,1.7750887
2022-09-06 13:00:00,6,306,13,1.3302166,1.0292257
2022-09-06 14:00:00,6,306,14,0.66538334,0.6982176
2022-09-06 15:00:00,6,306,15,0.74315,0.8987361
2022-09-06 16:00:00,6,306,16,0.5032333,1.1345077
2022-09-06 17:00:00,6,306,17,0.86586666,0.93918335
2022-09-06 18:00:00,6,306,18,1.2351667,0.8941706
2022-09-06 19:00:00,6,306,19,0.9360167,0.9748938
2022-09-06 20:00:00,6,306,20,1.3855333,2.0361314
2022-09-06 21:00:00,6,306,21,0.53728336,0.6895034
2022-09-06 22:00:00,6,306,22,0.7731917,0.6010269
2022-09-06 23:00:00,6,306,23,0.58571666,1.1051437
2022-09-07 00:00:00,6,307,0,0.6057875,1.7729533
2022-09-07 01:00:00,6,307,1,0.57016665,0.61694944
2022-09-07 02:00:00,6,307,2,2.1539166,0.76196975
2022-09-07 03:00:00,6,307,3,1.4524666,0.92454296
2022-09-07 04:00:00,6,307,4,0.6347833,0.91094804
2022-09-07 05:00:00,6,307,5,1.1603667,0.80651313
2022-09-07 06:00:00,6,307,6,0.92446667,0.9609382
2022-09-07 07:00:00,6,307,7,0.8502,0.97567135
2022-09-07 08:00:00,6,307,8,0.87231666,0.7953388
2022-09-07 09:00:00,6,307,9,1.55115,0.85081786
2022-09-07 10:00:00,6,307,10,2.9490833,0.8754128
2022-09-07 11:00:00,6,307,11,1.9722667,1.3111458
2022-09-07 12:00:00,6,307,12,2.86925,1.5959041
2022-09-07 13:00:00,6,307,13,0.82103336,1.209822
2022-09-07 14:00:00,6,307,14,1.0265666,1.5888078
2022-09-07 15:00:00,6,307,15,3.5123167,1.2031139
2022-09-07 16:00:00,6,307,16,1.8433334,0.91192156
2022-09-07 17:00:00,6,307,17,1.3989167,0.87195516
2022-09-07 18:00:00,6,307,18,1.91475,1.0433173
2022-09-07 19:00:00,6,307,19,3.0834334,1.6945902
2022-09-07 20:00:00,6,307,20,1.2135333,1.3650014
2022-09-07 21:00:00,6,307,21,3.0948834,1.1403385
2022-09-07 22:00:00,6,307,22,0.583,0.95859563
2022-09-07 23:00:00,6,307,23,0.59362084,1.015112
2022-09-08 00:00:00,6,308,0,0.75500697,0.9394468
2022-09-08 01:00:00,6,308,1,0.57016665,1.127856
2022-09-08 02:00:00,6,308,2,2.1539166,0.8960713
2022-09-08 03:00:00,6,308,3,1.4524666,0.88603824
2022-09-08 04:00:00,6,308,4,0.6347833,0.9360203
2022-09-08 05:00:00,6,308,5,0.81093335,0.75729775
2022-09-08 06:00:00,6,308,6,1.42605,0.96564215
2022-09-08 07:00:00,6,308,7,0.71931666,1.0182818
2022-09-08 08:00:00,6,308,8,0.36545,1.1220714
2022-09-08 09:00:00,6,308,9,0.64561665,0.87576216
2022-09-08 10:00:00,6,308,10,3.0553834,1.3134481
2022-09-08 11:00:00,6,308,11,2.8701668,1.916185
2022-09-08 12:00:00,6,308,12,2.59,1.9554697
2022-09-08 13:00:00,6,308,13,3.1068168,1.2466007
2022-09-08 14:00:00,6,308,14,3.5990388,1.01604
2022-09-08 15:00:00,6,308,15,3.9727666,1.0915828
2022-09-08 16:00:00,6,308,16,2.4352,1.3839612
2022-09-08 17:00:00,6,308,17,2.8724666,1.2925143
2022-09-08 18:00:00,6,308,18,2.9308834,1.6866717
2022-09-08 19:00:00,6,308,19,1.0486,1.4530581
2022-09-08 20:00:00,6,308,20,0.49834168,1.303942
2022-09-08 21:00:00,6,308,21,3.20135,1.0014247
2022-09-08 22:00:00,6,308,22,0.64813334,0.876912
2022-09-08 23:00:00,6,308,23,1.4374334,0.55771255
2022-09-09 00:00:00,6,309,0,2.86705,0.33318743
2022-09-09 01:00:00,6,309,1,0.507,0.6467332
2022-09-09 02:00:00,6,309,2,0.45743334,0.6662215
2022-09-09 03:00:00,6,309,3,0.54581666,1.0972947
2022-09-09 04:00:00,6,309,4,0.71615,0.8272114
2022-09-09 05:00:00,6,309,5,0.7327,0.76742446
2022-09-09 06:00:00,6,309,6,0.51231664,0.87143606
2022-09-09 07:00:00,6,309,7,0.81953335,1.2090554
2022-09-09 08:00:00,6,309,8,0.90466666,1.0074962
2022-09-09 09:00:00,6,309,9,0.63963336,0.811691
2022-09-09 10:00:00,6,309,10,0.78568333,1.2960231
2022-09-09 11:00:00,6,309,11,2.4030666,1.6432327
2022-09-09 12:00:00,6,309,12,2.6926167,1.8493696
2022-09-09 13:00:00,6,309,13,1.2728333,1.0205573
2022-09-09 14:00:00,6,309,14,3.521922,1.7940595
2022-09-09 15:00:00,6,309,15,3.04025,2.8434253
2022-09-09 16:00:00,6,309,16,2.18775,2.8389542
2022-09-09 17:00:00,6,309,17,4.22825,2.2611074
2022-09-09 18:00:00,6,309,18,2.9252334,2.8908024
2022-09-09 19:00:00,6,309,19,1.0486,2.8270023
2022-09-09 20:00:00,6,309,20,1.6063917,1.7742169
2022-09-09 21:00:00,6,309,21,2.4285667,1.8688751
2022-09-09 22:00:00,6,309,22,1.4669167,1.2572939
2022-09-09 23:00:00,6,309,23,3.71065,1.0242512
2022-09-10 00:00:00,6,310,0,2.8519166,0.8181141
2022-09-10 01:00:00,6,310,1,0.47548333,1.1617591
2022-09-10 02:00:00,6,310,2,2.5317833,1.5045329
2022-09-10 03:00:00,6,310,3,3.0977,1.1426404
2022-09-10 04:00:00,6,310,4,0.35456666,1.0150999
2022-09-10 05:00:00,6,310,5,0.12000005,0.7704018
2022-09-10 06:00:00,6,310,6,0.22791667,0.8997455
2022-09-10 07:00:00,6,310,7,0.63811666,0.97477317
2022-09-10 08:00:00,6,310,8,0.37803334,0.97092915
2022-09-10 09:00:00,6,310,9,0.36901668,1.4424356
2022-09-10 10:00:00,6,310,10,1.3320167,1.1297616
2022-09-10 11:00:00,6,310,11,2.5469,1.0452325
2022-09-10 12:00:00,6,310,12,3.0617,2.0164793
2022-09-10 13:00:00,6,310,13,1.8771167,1.6563518
2022-09-10 14:00:00,6,310,14,0.9655,1.8072624
2022-09-10 15:00:00,6,310,15,1.93535,2.020846
2022-09-10 16:00:00,6,310,16,1.23255,1.7669945
2022-09-10 17:00:00,6,310,17,0.5315,2.340275
2022-09-10 18:00:00,6,310,18,0.77926666,3.3260741
2022-09-10 19:00:00,6,310,19,1.03885,1.9536858
2022-09-10 20:00:00,6,310,20,1.6063917,1.5295652
2022-09-10 21:00:00,6,310,21,2.62555,2.4582136
2022-09-10 22:00:00,6,310,22,3.3073332,1.2013648
2022-09-10 23:00:00,6,310,23,3.71065,1.5661067
2022-09-11 00:00:00,6,311,0,0.513,2.4861238
2022-09-11 01:00:00,6,311,1,0.42395,0.9257391
2022-09-11 02:00:00,6,311,2,0.41861665,0.9588373
2022-09-11 03:00:00,6,311,3,0.35906667,0.99328107
2022-09-11 04:00:00,6,311,4,0.34385002,1.071098
2022-09-11 05:00:00,6,311,5,0.13460004,0.9901374
2022-09-11 06:00:00,6,311,6,1.56495,0.8892156
2022-09-11 07:00:00,6,311,7,0.44215,1.4285074
2022-09-11 08:00:00,6,311,8,0.44658333,1.9166051
2022-09-11 09:00:00,6,311,9,0.38611665,1.006874
2022-09-11 10:00:00,6,311,10,2.0875,0.8934146
2022-09-11 11:00:00,6,311,11,2.87575,1.8708751
2022-09-11 12:00:00,6,311,12,3.0182166,1.7380967
2022-09-11 13:00:00,6,311,13,1.0696334,1.2714103
2022-09-11 14:00:00,6,311,14,0.32668334,1.5005332
2022-09-11 15:00:00,6,311,15,0.5190667,1.6061921
2022-09-11 16:00:00,6,311,16,0.36216667,2.0636792
2022-09-11 17:00:00,6,311,17,0.7284667,1.9249645
2022-09-11 18:00:00,6,311,18,0.83555,1.7554345
2022-09-11 19:00:00,6,311,19,1.2710167,1.2594483
2022-09-11 20:00:00,6,311,20,1.6072917,1.583775
2022-09-11 21:00:00,6,311,21,0.67005,1.3026086
2022-09-11 22:00:00,6,311,22,1.69315,1.2465168
2022-09-11 23:00:00,6,311,23,0.513,1.72379
2022-09-12 00:00:00,6,312,0,0.797,1.5799671
2022-09-12 01:00:00,6,312,1,0.877,0.7595288
2022-09-12 02:00:00,6,312,2,0.877,0.8071609
2022-09-12 03:00:00,6,312,3,0.582,0.64332575
2022-09-12 04:00:00,6,312,4,0.88446665,0.6200566
2022-09-12 05:00:00,6,312,5,0.52741665,0.57163686
2022-09-12 06:00:00,6,312,6,1.12885,0.5401809
2022-09-12 07:00:00,6,312,7,0.67275,1.467535
2022-09-12 08:00:00,6,312,8,0.62906665,1.7766659
2022-09-12 09:00:00,6,312,9,0.85251665,0.59017956
2022-09-12 10:00:00,6,312,10,1.53695,0.43741325
2022-09-12 11:00:00,6,312,11,2.5520334,1.2930017
2022-09-12 12:00:00,6,312,12,2.8565166,1.4397854
2022-09-12 13:00:00,6,312,13,0.36971667,1.4243535
2022-09-12 14:00:00,6,312,14,0.419,1.073316
2022-09-12 15:00:00,6,312,15,1.1468,1.0393676
2022-09-12 16:00:00,6,312,16,0.5413833,0.8947337
2022-09-12 17:00:00,6,312,17,1.76965,0.975587
2022-09-12 18:00:00,6,312,18,1.22785,0.81799746
2022-09-12 19:00:00,6,312,19,0.65893334,1.2297703
2022-09-12 20:00:00,6,312,20,0.4339167,1.4628534
2022-09-12 21:00:00,6,312,21,1.0438334,1.1068058
2022-09-12 22:00:00,6,312,22,2.9360666,0.9406274
2022-09-12 23:00:00,6,312,23,0.797,0.9844929
2022-09-13 00:00:00,6,313,0,0.797,0.67002493
2022-09-13 01:00:00,6,313,1,0.797,0.6660635
2022-09-13 02:00:00,6,313,2,0.797,0.9308131
2022-09-13 03:00:00,6,313,3,3.2540834,0.72163963
2022-09-13 04:00:00,6,313,4,3.346,0.67313886
2022-09-13 05:00:00,6,313,5,1.3381667,0.9053957
2022-09-13 06:00:00,6,313,6,1.5012,1.1935998
2022-09-13 07:00:00,6,313,7,1.73415,0.95994693
2022-09-13 08:00:00,6,313,8,0.7320167,0.711285
2022-09-13 09:00:00,6,313,9,0.8710167,0.73026866
2022-09-13 10:00:00,6,313,10,1.6453834,1.1361648
2022-09-13 11:00:00,6,313,11,1.3390666,1.7353134
2022-09-13 12:00:00,6,313,12,2.9258833,1.7528903
2022-09-13 13:00:00,6,313,13,1.5229334,1.4107685
2022-09-13 14:00:00,6,313,14,0.61623335,0.74734974
2022-09-13 15:00:00,6,313,15,0.73985,0.99028355
2022-09-13 16:00:00,6,313,16,0.74295,0.99886936
2022-09-13 17:00:00,6,313,17,0.8429833,1.0168096
2022-09-13 18:00:00,6,313,18,0.82531667,1.202417
2022-09-13 19:00:00,6,313,19,0.5427833,1.454355
2022-09-13 20:00:00,6,313,20,0.4339167,1.3935962
2022-09-13 21:00:00,6,313,21,0.38320833,0.92332596
2022-09-13 22:00:00,6,313,22,3.5404668,1.1324619
2022-09-13 23:00:00,6,313,23,0.468,1.1171807
2022-09-14 00:00:00,6,314,0,0.6060542,0.840257
2022-09-14 01:00:00,6,314,1,1.5208,0.8425142
2022-09-14 02:00:00,6,314,2,2.1539166,0.9351522
2022-09-14 03:00:00,6,314,3,0.421,0.7604117
2022-09-14 04:00:00,6,314,4,0.421,0.89653575
2022-09-14 05:00:00,6,314,5,0.8309,0.8921668
2022-09-14 06:00:00,6,314,6,1.3624834,0.8331598
2022-09-14 07:00:00,6,314,7,0.5703,0.9824162
2022-09-14 08:00:00,6,314,8,0.6282667,0.999857
2022-09-14 09:00:00,6,314,9,0.63021666,1.1085589
2022-09-14 10:00:00,6,314,10,1.9327834,1.3498342
2022-09-14 11:00:00,6,314,11,2.3398,1.581794
2022-09-14 12:00:00,6,314,12,0.5662,1.6512878
2022-09-14 13:00:00,6,314,13,0.61228335,1.4597337
2022-09-14 14:00:00,6,314,14,0.5394833,1.1978068
2022-09-14 15:00:00,6,314,15,0.3247,0.8340482
2022-09-14 16:00:00,6,314,16,0.6109333,0.9275807
2022-09-14 17:00:00,6,314,17,0.955,1.1683103
2022-09-14 18:00:00,6,314,18,0.8321667,1.2578295
2022-09-14 19:00:00,6,314,19,0.5427833,1.3910744
2022-09-14 20:00:00,6,314,20,1.4157667,1.2767036
2022-09-14 21:00:00,6,314,21,0.2641167,1.0561117
2022-09-14 22:00:00,6,314,22,1.69315,1.1462855
2022-09-14 23:00:00,6,314,23,0.59362084,0.9012372
2022-09-15 00:00:00,6,315,0,0.6057875,0.7378043
2022-09-15 01:00:00,6,315,1,1.5208,0.4514851
2022-09-15 02:00:00,6,315,2,2.1539166,0.7065067
2022-09-15 03:00:00,6,315,3,0.421,1.2150577
2022-09-15 04:00:00,6,315,4,0.421,0.52283406
2022-09-15 05:00:00,6,315,5,0.8380167,0.6284868
2022-09-15 06:00:00,6,315,6,1.00015,0.82512605
2022-09-15 07:00:00,6,315,7,0.8582,1.234475
2022-09-15 08:00:00,6,315,8,0.6673667,0.8578024
2022-09-15 09:00:00,6,315,9,0.64503336,0.9450551
2022-09-15 10:00:00,6,315,10,1.80895,1.045656
2022-09-15 11:00:00,6,315,11,2.69425,1.4379925
2022-09-15 12:00:00,6,315,12,2.6952,1.6631902
2022-09-15 13:00:00,6,315,13,0.17081666,1.0810094
2022-09-15 14:00:00,6,315,14,0.5394833,0.99556506
2022-09-15 15:00:00,6,315,15,1.4629,1.1406695
2022-09-15 16:00:00,6,315,16,2.97425,1.0245991
2022-09-15 17:00:00,6,315,17,1.1739,1.3300741
2022-09-15 18:00:00,6,315,18,2.557225,1.2622098
2022-09-15 19:00:00,6,315,19,0.6556,1.4698105
2022-09-15 20:00:00,6,315,20,0.95684165,1.5103768
2022-09-15 21:00:00,6,315,21,3.1178167,1.6068505
2022-09-15 22:00:00,6,315,22,0.94331664,0.9757116
2022-09-15 23:00:00,6,315,23,0.96737915,1.3398775
2022-09-16 00:00:00,6,316,0,1.4502333,1.0504578
2022-09-16 01:00:00,6,316,1,0.536,0.8522895
2022-09-16 02:00:00,6,316,2,0.52461666,1.423034
2022-09-16 03:00:00,6,316,3,0.5825833,1.6089128
2022-09-16 04:00:00,6,316,4,0.71615,0.86861026
2022-09-16 05:00:00,6,316,5,1.2258333,1.1371663
2022-09-16 06:00:00,6,316,6,1.0801834,1.6963214
2022-09-16 07:00:00,6,316,7,0.91013336,1.5343025
2022-09-16 08:00:00,6,316,8,0.48203334,1.2925195
2022-09-16 09:00:00,6,316,9,0.7047333,2.440608
2022-09-16 10:00:00,6,316,10,1.46645,1.7466097
2022-09-16 11:00:00,6,316,11,0.6838667,1.8448327
2022-09-16 12:00:00,6,316,12,3.1616333,1.8454129
2022-09-16 13:00:00,6,316,13,0.6774833,1.3981638
2022-09-16 14:00:00,6,316,14,0.32146665,1.4428649
2022-09-16 15:00:00,6,316,15,0.84715,1.3298006
2022-09-16 16:00:00,6,316,16,0.9723333,1.6242585
2022-09-16 17:00:00,6,316,17,3.7515666,1.6642289
2022-09-16 18:00:00,6,316,18,2.1460166,1.3586582
2022-09-16 19:00:00,6,316,19,1.1046833,1.998068
2022-09-16 20:00:00,6,316,20,0.95684165,2.083337
2022-09-16 21:00:00,6,316,21,0.3991,1.6887763
2022-09-16 22:00:00,6,316,22,3.1111166,1.608375
2022-09-16 23:00:00,6,316,23,3.10065,1.5732888
2022-09-17 00:00:00,6,317,0,2.8652833,1.3733413
2022-09-17 01:00:00,6,317,1,0.47548333,1.7888436
2022-09-17 02:00:00,6,317,2,2.5317833,1.6289783
2022-09-17 03:00:00,6,317,3,3.0977,1.1269703
2022-09-17 04:00:00,6,317,4,1.6728333,1.1435975
2022-09-17 05:00:00,6,317,5,1.45205,1.3872328
2022-09-17 06:00:00,6,317,6,1.1941,1.761659
2022-09-17 07:00:00,6,317,7,0.59833336,1.6386765
2022-09-17 08:00:00,6,317,8,0.5233,1.2347525
2022-09-17 09:00:00,6,317,9,0.56665,1.6148112
2022-09-17 10:00:00,6,317,10,0.5840167,1.4788508
2022-09-17 11:00:00,6,317,11,2.1877666,1.8440474
2022-09-17 12:00:00,6,317,12,2.8813,2.2281594
2022-09-17 13:00:00,6,317,13,1.8797834,2.2181242
2022-09-17 14:00:00,6,317,14,0.52036667,1.867388
2022-09-17 15:00:00,6,317,15,1.23145,1.4723761
2022-09-17 16:00:00,6,317,16,1.2202,2.0331106
2022-09-17 17:00:00,6,317,17,2.6280334,1.2843255
2022-09-17 18:00:00,6,317,18,0.59076667,2.2184386
2022-09-17 19:00:00,6,317,19,1.03885,1.896142
2022-09-17 20:00:00,6,317,20,0.95684165,2.0065653
2022-09-17 21:00:00,6,317,21,0.464175,2.033281
2022-09-17 22:00:00,6,317,22,1.2988167,1.6729511
2022-09-17 23:00:00,6,317,23,3.7157166,1.5755587
2022-09-18 00:00:00,6,318,0,0.7532403,1.1375897
2022-09-18 01:00:00,6,318,1,0.38048333,0.9627432
2022-09-18 02:00:00,6,318,2,2.2453833,1.1225634
2022-09-18 03:00:00,6,318,3,1.4916667,1.3177743
2022-09-18 04:00:00,6,318,4,0.67578334,1.6744813
2022-09-18 05:00:00,6,318,5,0.98403335,1.5230207
2022-09-18 06:00:00,6,318,6,1.59885,1.2393901
2022-09-18 07:00:00,6,318,7,0.6381,1.3154719
2022-09-18 08:00:00,6,318,8,0.6235333,0.87577957
2022-09-18 09:00:00,6,318,9,0.70485,1.3445214
2022-09-18 10:00:00,6,318,10,1.4602,1.2932686
2022-09-18 11:00:00,6,318,11,0.51975,1.397691
2022-09-18 12:00:00,6,318,12,0.52426666,1.0543981
2022-09-18 13:00:00,6,318,13,0.88913333,1.4907652
2022-09-18 14:00:00,6,318,14,0.28785,1.3100874
2022-09-18 15:00:00,6,318,15,0.5431,1.3978437
2022-09-18 16:00:00,6,318,16,0.7711333,1.0783725
2022-09-18 17:00:00,6,318,17,1.2449,1.9715965
2022-09-18 18:00:00,6,318,18,0.94946665,2.174697
2022-09-18 19:00:00,6,318,19,0.55181664,1.6873214
2022-09-18 20:00:00,6,318,20,1.6072917,1.5448244
2022-09-18 21:00:00,6,318,21,2.62555,1.4599228
2022-09-18 22:00:00,6,318,22,2.8611834,1.4293702
2022-09-18 23:00:00,6,318,23,1.6043236,1.0413696
2022-09-19 00:00:00,6,319,0,0.76272917,1.1408069
2022-09-19 01:00:00,6,319,1,0.40925,0.60626984
2022-09-19 02:00:00,6,319,2,0.43123335,0.76814157
2022-09-19 03:00:00,6,319,3,0.3083,0.99387616
2022-09-19 04:00:00,6,319,4,0.963,1.0123667
2022-09-19 05:00:00,6,319,5,0.12000005,0.8781319
2022-09-19 06:00:00,6,319,6,0.22055,1.0899352
2022-09-19 07:00:00,6,319,7,0.7364333,1.334722
2022-09-19 08:00:00,6,319,8,0.33183333,0.9106323
2022-09-19 09:00:00,6,319,9,0.43406665,1.2412022
2022-09-19 10:00:00,6,319,10,1.664,1.2097622
2022-09-19 11:00:00,6,319,11,0.66955,1.4806442
2022-09-19 12:00:00,6,319,12,0.8455333,1.2587826
2022-09-19 13:00:00,6,319,13,1.8957666,1.8565134
2022-09-19 14:00:00,6,319,14,0.75336665,1.3702575
2022-09-19 15:00:00,6,319,15,1.1155334,1.351393
2022-09-19 16:00:00,6,319,16,1.77045,1.7821964
2022-09-19 17:00:00,6,319,17,0.85655,1.0822078
2022-09-19 18:00:00,6,319,18,1.3452333,1.2610756
2022-09-19 19:00:00,6,319,19,1.0303167,1.3875223
2022-09-19 20:00:00,6,319,20,1.6275667,1.3408456
2022-09-19 21:00:00,6,319,21,2.6597834,1.4463345
2022-09-19 22:00:00,6,319,22,3.4256167,1.3627361
2022-09-19 23:00:00,6,319,23,2.2992833,1.68365
2022-09-20 00:00:00,6,320,0,0.7608167,0.97119045
2022-09-20 01:00:00,6,320,1,0.507,0.9096398
2022-09-20 02:00:00,6,320,2,0.507,1.2826915
2022-09-20 03:00:00,6,320,3,3.354,1.111609
2022-09-20 04:00:00,6,320,4,0.507,1.1231971
2022-09-20 05:00:00,6,320,5,0.7327,1.1486709
2022-09-20 06:00:00,6,320,6,0.53686666,1.2694718
2022-09-20 07:00:00,6,320,7,0.65855,1.5112383
2022-09-20 08:00:00,6,320,8,0.59315,2.2215765
2022-09-20 09:00:00,6,320,9,0.5007667,1.4801733
2022-09-20 10:00:00,6,320,10,1.5779166,1.3219192
2022-09-20 11:00:00,6,320,11,0.8103167,1.6525613
2022-09-20 12:00:00,6,320,12,2.7437334,1.8553625
2022-09-20 13:00:00,6,320,13,1.7585,2.243266
2022-09-20 14:00:00,6,320,14,0.9236,2.1134965
2022-09-20 15:00:00,6,320,15,0.61141664,2.3296392
2022-09-20 16:00:00,6,320,16,1.66665,1.9126534
2022-09-20 17:00:00,6,320,17,1.96825,1.8709028
2022-09-20 18:00:00,6,320,18,0.6268,2.176435
2022-09-20 19:00:00,6,320,19,1.0789833,1.5927324
2022-09-20 20:00:00,6,320,20,1.6275667,1.8761998
2022-09-20 21:00:00,6,320,21,2.4111667,1.9254153
2022-09-20 22:00:00,6,320,22,0.6405333,1.6217773
2022-09-20 23:00:00,6,320,23,1.0932167,1.4138933
2022-09-21 00:00:00,6,321,0,1.25285,1.0278645
2022-09-21 01:00:00,6,321,1,0.507,0.73100364
2022-09-21 02:00:00,6,321,2,0.507,0.7907948
2022-09-21 03:00:00,6,321,3,0.507,0.8484049
2022-09-21 04:00:00,6,321,4,0.6706833,0.89921314
2022-09-21 05:00:00,6,321,5,0.7327,0.8553402
2022-09-21 06:00:00,6,321,6,0.40834168,0.5950906
2022-09-21 07:00:00,6,321,7,1.20745,1.0529429
2022-09-21 08:00:00,6,321,8,0.6303833,0.7404732
2022-09-21 09:00:00,6,321,9,0.6562,1.1411482
2022-09-21 10:00:00,6,321,10,4.85675,1.2991682
2022-09-21 11:00:00,6,321,11,2.7256835,1.4607254
2022-09-21 12:00:00,6,321,12,2.6502,1.5174844
2022-09-21 13:00:00,6,321,13,0.82103336,1.7879775
2022-09-21 14:00:00,6,321,14,0.87798333,1.7708428
2022-09-21 15:00:00,6,321,15,1.62415,1.3744986
2022-09-21 16:00:00,6,321,16,2.6212168,1.8412007
2022-09-21 17:00:00,6,321,17,1.895,1.5087013
2022-09-21 18:00:00,6,321,18,1.8687667,1.8330901
2022-09-21 19:00:00,6,321,19,1.0789833,1.6383033
2022-09-21 20:00:00,6,321,20,0.49834168,1.7971654
2022-09-21 21:00:00,6,321,21,3.1496665,2.0042183
2022-09-21 22:00:00,6,321,22,2.3177166,1.5087483
2022-09-21 23:00:00,6,321,23,1.8447334,1.2917383
2022-09-22 00:00:00,6,322,0,0.8739667,0.8399731
2022-09-22 01:00:00,6,322,1,0.507,1.0569311
2022-09-22 02:00:00,6,322,2,0.507,0.86481404
2022-09-22 03:00:00,6,322,3,0.507,0.97971845
2022-09-22 04:00:00,6,322,4,0.507,0.96272826
2022-09-22 05:00:00,6,322,5,0.7327,1.1368954
2022-09-22 06:00:00,6,322,6,0.7881,1.236852
2022-09-22 07:00:00,6,322,7,1.1523833,1.3249923
2022-09-22 08:00:00,6,322,8,0.61946666,1.236889
2022-09-22 09:00:00,6,322,9,1.02265,1.2176731
2022-09-22 10:00:00,6,322,10,1.5140333,1.1000588
2022-09-22 11:00:00,6,322,11,1.9034333,2.10131
2022-09-22 12:00:00,6,322,12,0.53143334,2.6957347
2022-09-22 13:00:00,6,322,13,0.82103336,2.3165152
2022-09-22 14:00:00,6,322,14,0.87798333,1.4284405
2022-09-22 15:00:00,6,322,15,0.7262333,1.1787816
2022-09-22 16:00:00,6,322,16,1.9034834,2.1135538
2022-09-22 17:00:00,6,322,17,1.6193833,1.6902633
2022-09-22 18:00:00,6,322,18,0.7417667,2.1887865
2022-09-22 19:00:00,6,322,19,0.7424667,2.0098722
2022-09-22 20:00:00,6,322,20,0.49834168,1.7466893
2022-09-22 21:00:00,6,322,21,3.1239166,2.1011105
2022-09-22 22:00:00,6,322,22,2.3177166,1.6319474
2022-09-22 23:00:00,6,322,23,3.5570834,1.610289
2022-09-23 00:00:00,6,323,0,2.86705,1.263109
2022-09-23 01:00:00,6,323,1,0.507,0.79794693
2022-09-23 02:00:00,6,323,2,0.507,0.63055277
2022-09-23 03:00:00,6,323,3,0.507,0.70607406
2022-09-23 04:00:00,6,323,4,0.507,0.8629561
2022-09-23 05:00:00,6,323,5,0.7327,1.0833516
2022-09-23 06:00:00,6,323,6,0.5514167,1.2185719
2022-09-23 07:00:00,6,323,7,0.9702,1.3598815
2022-09-23 08:00:00,6,323,8,0.58015,1.5013583
2022-09-23 09:00:00,6,323,9,0.5699833,1.9398389
2022-09-23 10:00:00,6,323,10,1.7968333,2.3100657
2022-09-23 11:00:00,6,323,11,2.0688667,1.559046
2022-09-23 12:00:00,6,323,12,2.5522,1.4951972
2022-09-23 13:00:00,6,323,13,1.6407,2.0071535
2022-09-23 14:00:00,6,323,14,0.54078335,1.8668119
2022-09-23 15:00:00,6,323,15,1.3612666,1.84138
2022-09-23 16:00:00,6,323,16,2.0863667,2.1463728
2022-09-23 17:00:00,6,323,17,3.0222833,1.8458141
2022-09-23 18:00:00,6,323,18,1.3078834,2.161916
2022-09-23 19:00:00,6,323,19,1.0301666,1.9117945
2022-09-23 20:00:00,6,323,20,1.6063917,2.1015608
2022-09-23 21:00:00,6,323,21,2.4097667,2.4767902
2022-09-23 22:00:00,6,323,22,0.95365,2.4435496
2022-09-23 23:00:00,6,323,23,3.7157166,1.9257412
2022-09-24 00:00:00,6,324,0,0.6612333,1.059015
2022-09-24 01:00:00,6,324,1,0.47548333,0.79995173
2022-09-24 02:00:00,6,324,2,2.5317833,0.5281633
2022-09-24 03:00:00,6,324,3,3.0977,0.82488406
2022-09-24 04:00:00,6,324,4,1.6728333,0.88751376
2022-09-24 05:00:00,6,324,5,0.8424,1.3308454
2022-09-24 06:00:00,6,324,6,0.8889167,1.3236353
2022-09-24 07:00:00,6,324,7,1.2419667,1.0745304
2022-09-24 08:00:00,6,324,8,0.41925,1.2324488
2022-09-24 09:00:00,6,324,9,0.55618334,0.9257882
2022-09-24 10:00:00,6,324,10,1.1649166,0.90973717
2022-09-24 11:00:00,6,324,11,2.5056334,1.4646288
2022-09-24 12:00:00,6,324,12,3.0617,1.6733917
2022-09-24 13:00:00,6,324,13,1.0550667,2.2480261
2022-09-24 14:00:00,6,324,14,0.7995667,2.1864614
2022-09-24 15:00:00,6,324,15,1.2816666,1.8694223
2022-09-24 16:00:00,6,324,16,0.64918333,2.106002
2022-09-24 17:00:00,6,324,17,1.1323833,2.0020137
2022-09-24 18:00:00,6,324,18,0.86871666,2.16355
2022-09-24 19:00:00,6,324,19,1.5187666,2.2561226
2022-09-24 20:00:00,6,324,20,0.99798334,2.0820987
2022-09-24 21:00:00,6,324,21,0.464175,2.6886458
2022-09-24 22:00:00,6,324,22,1.2988167,2.2003887
2022-09-24 23:00:00,6,324,23,0.6684667,1.5898147
2022-09-25 00:00:00,6,325,0,0.513,1.6627697
2022-09-25 01:00:00,6,325,1,0.57135,0.7374992
2022-09-25 02:00:00,6,325,2,2.1539166,0.5185371
2022-09-25 03:00:00,6,325,3,1.49455,0.88412523
2022-09-25 04:00:00,6,325,4,0.42348334,0.9071075
2022-09-25 05:00:00,6,325,5,0.92876667,0.93912905
2022-09-25 06:00:00,6,325,6,0.22611667,0.79675674
2022-09-25 07:00:00,6,325,7,0.46216667,1.3416051
2022-09-25 08:00:00,6,325,8,0.43938333,1.3174759
2022-09-25 09:00:00,6,325,9,0.5642667,1.000843
2022-09-25 10:00:00,6,325,10,0.99843335,1.5911669
2022-09-25 11:00:00,6,325,11,2.9084833,1.3620744
2022-09-25 12:00:00,6,325,12,2.8356333,1.326766
2022-09-25 13:00:00,6,325,13,1.0837,1.38295
2022-09-25 14:00:00,6,325,14,0.83635,1.4217318
2022-09-25 15:00:00,6,325,15,0.39128333,1.0722253
2022-09-25 16:00:00,6,325,16,0.6,1.3318256
2022-09-25 17:00:00,6,325,17,2.9908166,0.7300508
2022-09-25 18:00:00,6,325,18,0.83098334,1.1437635
2022-09-25 19:00:00,6,325,19,0.83463335,1.7507223
2022-09-25 20:00:00,6,325,20,1.6072917,2.3997571
2022-09-25 21:00:00,6,325,21,0.67005,1.9811486
2022-09-25 22:00:00,6,325,22,1.2022834,1.235893
2022-09-25 23:00:00,6,325,23,0.63946664,1.433602
2022-09-26 00:00:00,6,326,0,0.468,0.79457897
2022-09-26 01:00:00,6,326,1,0.797,0.71798795
2022-09-26 02:00:00,6,326,2,0.5132667,0.8297175
2022-09-26 03:00:00,6,326,3,0.7639167,1.2477729
2022-09-26 04:00:00,6,326,4,2.2755833,1.1026258
2022-09-26 05:00:00,6,326,5,0.12000005,1.0019531
2022-09-26 06:00:00,6,326,6,0.2118,1.0364363
2022-09-26 07:00:00,6,326,7,0.42431667,1.2975141
2022-09-26 08:00:00,6,326,8,0.55895,1.2373081
2022-09-26 09:00:00,6,326,9,0.4174,1.3946651
2022-09-26 10:00:00,6,326,10,1.9039333,1.4205836
2022-09-26 11:00:00,6,326,11,1.1744833,1.9183661
2022-09-26 12:00:00,6,326,12,5.8026834,2.0039783
2022-09-26 13:00:00,6,326,13,1.9205166,1.5689042
2022-09-26 14:00:00,6,326,14,0.43123335,1.9209996
2022-09-26 15:00:00,6,326,15,0.4293,1.6935726
2022-09-26 16:00:00,6,326,16,1.66665,2.0933468
2022-09-26 17:00:00,6,326,17,1.9635,1.2950591
2022-09-26 18:00:00,6,326,18,0.9999,2.2669313
2022-09-26 19:00:00,6,326,19,1.1649834,2.3007295
2022-09-26 20:00:00,6,326,20,1.6275667,2.1155202
2022-09-26 21:00:00,6,326,21,0.6455667,1.6634703
2022-09-26 22:00:00,6,326,22,3.2689834,1.3973885
2022-09-26 23:00:00,6,326,23,3.013,0.95090055
2022-09-27 00:00:00,6,327,0,3.013,0.752324
2022-09-27 01:00:00,6,327,1,0.507,0.7839152
2022-09-27 02:00:00,6,327,2,1.0616666,0.90387124
2022-09-27 03:00:00,6,327,3,0.507,0.88538414
2022-09-27 04:00:00,6,327,4,0.507,0.8331001
2022-09-27 05:00:00,6,327,5,0.7327,1.2683474
2022-09-27 06:00:00,6,327,6,0.79651666,1.4008296
2022-09-27 07:00:00,6,327,7,0.80616665,1.4770182
2022-09-27 08:00:00,6,327,8,0.52498335,2.0681038
2022-09-27 09:00:00,6,327,9,0.98801666,1.580863
2022-09-27 10:00:00,6,327,10,1.6666666,1.7027905
2022-09-27 11:00:00,6,327,11,2.8132834,2.2417033
2022-09-27 12:00:00,6,327,12,2.75575,2.272815
2022-09-27 13:00:00,6,327,13,1.7585,1.7601801
2022-09-27 14:00:00,6,327,14,0.9236,1.6949888
2022-09-27 15:00:00,6,327,15,1.6534166,1.2126638
2022-09-27 16:00:00,6,327,16,2.36105,0.91765237
2022-09-27 17:00:00,6,327,17,1.6091666,1.9621311
2022-09-27 18:00:00,6,327,18,1.4381,2.0849252
2022-09-27 19:00:00,6,327,19,1.1337,1.7915243
2022-09-27 20:00:00,6,327,20,1.2615833,1.6018056
2022-09-27 21:00:00,6,327,21,1.6761,1.8956956
2022-09-27 22:00:00,6,327,22,1.2652833,1.1020952
2022-09-27 23:00:00,6,327,23,0.49325,1.2617763
2022-09-28 00:00:00,6,328,0,0.6057875,0.84399724
2022-09-28 01:00:00,6,328,1,0.568,0.61690587
2022-09-28 02:00:00,6,328,2,2.2453833,0.70427305
2022-09-28 03:00:00,6,328,3,1.4916667,0.7128701
2022-09-28 04:00:00,6,328,4,0.6393667,1.0991347
2022-09-28 05:00:00,6,328,5,1.4131666,1.0458603
2022-09-28 06:00:00,6,328,6,1.5940334,0.96430707
2022-09-28 07:00:00,6,328,7,1.1981417,0.9019097
2022-09-28 08:00:00,6,328,8,0.63768333,0.8635441
2022-09-28 09:00:00,6,328,9,0.43401667,1.0459689
2022-09-28 10:00:00,6,328,10,2.9804833,1.5854481
2022-09-28 11:00:00,6,328,11,2.7822833,1.7122794
2022-09-28 12:00:00,6,328,12,2.9169,2.394888
2022-09-28 13:00:00,6,328,13,0.9813833,2.345294
2022-09-28 14:00:00,6,328,14,0.5379222,1.271082
2022-09-28 15:00:00,6,328,15,3.2313666,1.2873652
2022-09-28 16:00:00,6,328,16,3.553,1.8030692
2022-09-28 17:00:00,6,328,17,0.955,1.6630834
2022-09-28 18:00:00,6,328,18,2.56315,1.5976924
2022-09-28 19:00:00,6,328,19,3.084,1.6324868
2022-09-28 20:00:00,6,328,20,1.2135333,1.7903274
2022-09-28 21:00:00,6,328,21,1.2495,1.5277473
2022-09-28 22:00:00,6,328,22,0.80780834,1.3944705
2022-09-28 23:00:00,6,328,23,0.59362084,1.1779178
2022-09-29 00:00:00,6,329,0,0.6057875,0.9606324
2022-09-29 01:00:00,6,329,1,0.57016665,0.85396886
2022-09-29 02:00:00,6,329,2,2.1539166,0.98356444
2022-09-29 03:00:00,6,329,3,1.4524666,1.129482
2022-09-29 04:00:00,6,329,4,0.6347833,0.96026826
2022-09-29 05:00:00,6,329,5,1.4619167,0.8752191
2022-09-29 06:00:00,6,329,6,0.8254167,0.9613925
2022-09-29 07:00:00,6,329,7,0.9246,1.1956915
2022-09-29 08:00:00,6,329,8,0.75163335,1.0260565
2022-09-29 09:00:00,6,329,9,1.0388,1.1131496
2022-09-29 10:00:00,6,329,10,2.2611334,1.4670895
2022-09-29 11:00:00,6,329,11,2.46365,2.4099622
2022-09-29 12:00:00,6,329,12,2.8384833,1.9232416
2022-09-29 13:00:00,6,329,13,0.76,1.7845066
2022-09-29 14:00:00,6,329,14,1.3002388,1.3235924
2022-09-29 15:00:00,6,329,15,3.3436832,1.8474388
2022-09-29 16:00:00,6,329,16,3.553,2.2248547
2022-09-29 17:00:00,6,329,17,1.5097333,1.9418609
2022-09-29 18:00:00,6,329,18,1.76865,1.6163461
2022-09-29 19:00:00,6,329,19,3.084,1.743065
2022-09-29 20:00:00,6,329,20,1.2135333,1.3309634
2022-09-29 21:00:00,6,329,21,1.0494334,1.7893999
2022-09-29 22:00:00,6,329,22,0.80780834,0.92966926
2022-09-29 23:00:00,6,329,23,0.59362084,0.65439546
2022-09-30 00:00:00,6,330,0,1.40505,0.5164017
2022-09-30 01:00:00,6,330,1,0.861,0.5890851
2022-09-30 02:00:00,6,330,2,0.5408667,0.65088886
2022-09-30 03:00:00,6,330,3,0.54581666,0.8725949
2022-09-30 04:00:00,6,330,4,0.71615,0.74091315
2022-09-30 05:00:00,6,330,5,1.4256166,0.6620089
2022-09-30 06:00:00,6,330,6,1.1257334,1.104177
2022-09-30 07:00:00,6,330,7,0.44861665,1.1844074
2022-09-30 08:00:00,6,330,8,0.53131664,1.0029944
2022-09-30 09:00:00,6,330,9,0.55343336,0.83715355
2022-09-30 10:00:00,6,330,10,0.59561664,1.6225721
2022-09-30 11:00:00,6,330,11,2.5017667,1.4754398
2022-09-30 12:00:00,6,330,12,3.1615,1.8454988
2022-09-30 13:00:00,6,330,13,0.82945,1.3379685
2022-09-30 14:00:00,6,330,14,0.47125,1.0683442
2022-09-30 15:00:00,6,330,15,0.80471665,1.8073592
2022-09-30 16:00:00,6,330,16,0.9966,1.6918606
2022-09-30 17:00:00,6,330,17,3.7600334,1.4755616
2022-09-30 18:00:00,6,330,18,3.6626832,2.4118366
2022-09-30 19:00:00,6,330,19,1.5187666,2.9326868
2022-09-30 20:00:00,6,330,20,1.6063917,2.0083327
2022-09-30 21:00:00,6,330,21,1.4134667,1.7612859
2022-09-30 22:00:00,6,330,22,3.1111166,0.9802414
2022-09-30 23:00:00,6,330,23,3.10065,0.88288456
