datetime,month,day,hour,true_value,predicted_value_tl,predicted_value_base
2022-08-04 00:00:00,8,4,0,0.93796664,0.46955636,0.24583799
2022-08-04 01:00:00,8,4,1,1.1808667,0.38456172,0.40682518
2022-08-04 02:00:00,8,4,2,2.6243834,0.26237395,0.41676673
2022-08-04 03:00:00,8,4,3,0.14901666,0.2508572,0.72515243
2022-08-04 04:00:00,8,4,4,0.15455,0.25291502,1.015238
2022-08-04 05:00:00,8,4,5,1.98085,0.20854573,1.1125551
2022-08-04 06:00:00,8,4,6,0.6993833,0.21672001,0.79971623
2022-08-04 07:00:00,8,4,7,0.5931,0.20256716,0.64077
2022-08-04 08:00:00,8,4,8,0.47310004,0.26052728,0.58301777
2022-08-04 09:00:00,8,4,9,0.52141666,0.4023796,0.49950385
2022-08-04 10:00:00,8,4,10,0.32656676,0.6029567,0.3763891
2022-08-04 11:00:00,8,4,11,1.2207032e-07,0.63087034,0.23846924
2022-08-04 12:00:00,8,4,12,1.2207032e-07,0.67428905,0.21435574
2022-08-04 13:00:00,8,4,13,1.2207032e-07,0.7520036,0.14246783
2022-08-04 14:00:00,8,4,14,1.2207032e-07,0.9438792,0.08136642
2022-08-04 15:00:00,8,4,15,1.2612667,1.0323676,0.12050003
2022-08-04 16:00:00,8,4,16,2.4726167,1.2421196,0.19949728
2022-08-04 17:00:00,8,4,17,2.8356,1.3515961,0.14471006
2022-08-04 18:00:00,8,4,18,3.1601,1.5170735,0.16204661
2022-08-04 19:00:00,8,4,19,3.08715,1.6512655,0.292542
2022-08-04 20:00:00,8,4,20,2.1950667,1.882485,0.49240446
2022-08-04 21:00:00,8,4,21,1.8266166,1.8777708,0.47992814
2022-08-04 22:00:00,8,4,22,3.0633166,1.6265253,0.3968178
2022-08-04 23:00:00,8,4,23,3.69235,1.2219067,0.41602165
2022-08-05 00:00:00,8,5,0,2.629425,0.79132897,0.43029425
2022-05-28 16:00:00,3,228,16,1.11985,0.5420238,0.47707328
2022-05-28 17:00:00,3,228,17,0.26208344,0.51534736,0.67507607
2022-05-28 18:00:00,3,228,18,0.057900067,0.4895254,0.69801456
2022-05-28 19:00:00,3,228,19,0.19401667,0.49521112,0.99128926
2022-05-28 20:00:00,3,228,20,0.20965,0.35061052,0.97836083
2022-05-28 21:00:00,3,228,21,0.2339,0.4161719,0.90840256
2022-05-28 22:00:00,3,228,22,0.95446664,0.39618757,0.93551755
2022-05-28 23:00:00,3,228,23,0.27133334,0.24075335,0.7570353
2022-05-29 00:00:00,3,229,0,0.22666667,0.3343158,0.52006227
2022-05-29 01:00:00,3,229,1,0.22693333,0.5410053,0.58142453
2022-05-29 02:00:00,3,229,2,0.22773333,0.901622,0.58732975
2022-05-29 03:00:00,3,229,3,0.22556667,0.96256804,0.52285457
2022-05-29 04:00:00,3,229,4,0.63267225,0.9282828,0.34020302
2022-05-29 05:00:00,3,229,5,0.22615,0.9093648,0.13970649
2022-05-29 06:00:00,3,229,6,0.22318333,0.90602124,-0.018428799
2022-05-29 07:00:00,3,229,7,0.3321,0.9838273,-0.08102584
2022-05-29 08:00:00,3,229,8,0.35396665,1.0605608,-0.10794616
2022-05-29 09:00:00,3,229,9,0.32490557,1.2505419,0.009943847
2022-05-29 10:00:00,3,229,10,1.3727834,1.612313,0.17649585
2022-05-29 11:00:00,3,229,11,1.2207032e-07,2.0124822,0.45187852
2022-05-29 12:00:00,3,229,12,1.2207032e-07,2.2845268,0.72802716
2022-05-29 13:00:00,3,229,13,1.2207032e-07,2.1777954,0.7496206
2022-05-29 14:00:00,3,229,14,1.2207032e-07,1.8277216,0.5640058
2022-05-29 15:00:00,3,229,15,1.200358e-07,1.314602,0.3981942
2022-05-29 16:00:00,3,229,16,1.2207032e-07,0.83536166,0.50565046
2022-05-29 17:00:00,3,229,17,1.14440915e-07,0.65062934,0.45014194
2022-05-29 18:00:00,3,229,18,0.06516669,0.7919859,0.52700734
2022-05-29 19:00:00,3,229,19,0.17408334,1.066664,0.8365071
2022-05-29 20:00:00,3,229,20,0.17418334,1.2268237,0.84243596
2022-05-29 21:00:00,3,229,21,0.18165,1.0526882,0.59201825
2022-05-29 22:00:00,3,229,22,0.21418889,0.84103245,0.47946602
2022-05-29 23:00:00,3,229,23,0.21705,0.5328923,0.36126882
2022-05-30 00:00:00,3,230,0,0.21954444,0.4344276,0.30208507
2022-05-30 01:00:00,3,230,1,0.30528334,0.32768577,0.2889339
2022-05-30 02:00:00,3,230,2,0.31971666,0.33355847,0.3018924
2022-05-30 03:00:00,3,230,3,0.22982778,0.35137847,0.29649118
2022-05-30 04:00:00,3,230,4,0.22883333,0.378186,0.3326068
2022-05-30 05:00:00,3,230,5,0.33218333,0.3942987,0.4449492
2022-05-30 06:00:00,3,230,6,0.49363333,0.35638353,0.4820244
2022-05-30 07:00:00,3,230,7,0.15981667,0.26163992,0.37818438
2022-05-30 08:00:00,3,230,8,0.10666667,0.31720987,0.31593627
2022-05-30 09:00:00,3,230,9,0.01828341,0.5642963,0.38440016
2022-05-30 10:00:00,3,230,10,0.091583446,0.84018475,0.6447886
2022-05-30 11:00:00,3,230,11,2.101,1.1331866,1.1082265
2022-05-30 12:00:00,3,230,12,1.4320334,1.3151683,1.4893625
2022-05-30 13:00:00,3,230,13,1.6942834,1.3788639,1.7650412
2022-05-30 14:00:00,3,230,14,2.5047166,1.3337988,1.5850304
2022-05-30 15:00:00,3,230,15,0.98025006,1.0351174,1.1503049
2022-05-30 16:00:00,3,230,16,1.1037191e-07,1.0186504,1.0827987
2022-05-30 17:00:00,3,230,17,1.1134167,0.9593467,0.9085173
2022-05-30 18:00:00,3,230,18,1.9005667,1.0473841,1.0857649
2022-05-30 19:00:00,3,230,19,1.1235666,1.2369466,1.4811783
2022-05-30 20:00:00,3,230,20,2.87665,1.2974055,1.6126533
2022-05-30 21:00:00,3,230,21,2.3874416,1.1933156,1.41264
2022-05-30 22:00:00,3,230,22,1.5214666,1.0083385,1.1366395
2022-05-30 23:00:00,3,230,23,0.6300167,0.8098411,0.8519342
2022-05-31 00:00:00,3,231,0,0.34465,0.66220456,0.6895828
2022-05-31 01:00:00,3,231,1,1.0106833,0.5968552,0.59748757
2022-05-31 02:00:00,3,231,2,0.86225,0.55047035,0.56880265
2022-05-31 03:00:00,3,231,3,0.41995,0.4736636,0.53988
2022-05-31 04:00:00,3,231,4,0.42128333,0.45498598,0.44685555
2022-05-31 05:00:00,3,231,5,0.42028335,0.4294674,0.4868836
2022-05-31 06:00:00,3,231,6,0.42131665,0.40654466,0.43553123
2022-05-31 07:00:00,3,231,7,0.3544,0.31126103,0.33499983
2022-05-31 08:00:00,3,231,8,0.2937,0.22752327,0.23097947
2022-05-31 09:00:00,3,231,9,0.027800057,0.09819324,0.083986446
2022-05-31 10:00:00,3,231,10,0.15791677,0.09811373,0.16324612
2022-05-31 11:00:00,3,231,11,0.025100118,0.056269635,0.20317282
2022-05-31 12:00:00,3,231,12,1.2207032e-07,0.24194951,0.3593619
2022-05-31 13:00:00,3,231,13,1.3368001,0.49196425,0.6639636
2022-05-31 14:00:00,3,231,14,0.9553001,0.6731862,0.9065332
2022-05-31 15:00:00,3,231,15,0.9210084,1.0052512,1.0879207
2022-05-31 16:00:00,3,231,16,0.9727,1.2135687,1.1770775
2022-05-31 17:00:00,3,231,17,1.1471168,1.3513638,1.3048311
2022-05-31 18:00:00,3,231,18,1.4172167,1.4431437,1.3386196
2022-05-31 19:00:00,3,231,19,0.7252167,1.1873832,0.86307615
2022-05-31 20:00:00,3,231,20,0.44446668,0.8960117,0.6015441
2022-05-31 21:00:00,3,231,21,0.4503,0.6971061,0.5686319
2022-05-31 22:00:00,3,231,22,0.68181664,0.7151745,0.60066414
2022-05-31 23:00:00,3,231,23,1.1174834,0.7535817,0.8032359
2022-08-01 00:00:00,5,301,0,0.95069164,0.71894765,0.9221668
2022-08-01 01:00:00,5,301,1,3.1851168,0.5892853,0.9187595
2022-08-01 02:00:00,5,301,2,0.9772,0.5972007,0.8256881
2022-08-01 03:00:00,5,301,3,0.30603334,0.61560166,0.5559886
2022-08-01 04:00:00,5,301,4,0.6055167,0.7389036,0.5104113
2022-08-01 05:00:00,5,301,5,0.794,0.72127306,0.49562722
2022-08-01 06:00:00,5,301,6,0.31145,0.6878498,0.4887345
2022-08-01 07:00:00,5,301,7,0.07158334,0.5631203,0.5702414
2022-08-01 08:00:00,5,301,8,8.759359e-05,0.51171184,0.5574508
2022-08-01 09:00:00,5,301,9,1.1952719e-07,0.5046191,0.5122804
2022-08-01 10:00:00,5,301,10,1.2207032e-07,0.4814688,0.3965669
2022-08-01 11:00:00,5,301,11,1.2207032e-07,0.43139854,0.22935629
2022-08-01 12:00:00,5,301,12,0.24386671,0.4025509,0.23952019
2022-08-01 13:00:00,5,301,13,0.47865006,0.38482478,0.3018486
2022-08-01 14:00:00,5,301,14,2.4875333,0.38738418,0.36622345
2022-08-01 15:00:00,5,301,15,0.3904001,0.3210794,0.40476382
2022-08-01 16:00:00,5,301,16,1.2207032e-07,0.31922677,0.66583
2022-08-01 17:00:00,5,301,17,1.2207032e-07,0.46436217,0.98951364
2022-08-01 18:00:00,5,301,18,1.1037191e-07,0.6309731,1.2692677
2022-08-01 19:00:00,5,301,19,0.037416697,0.90007734,1.2918102
2022-08-01 20:00:00,5,301,20,0.11218333,1.0387746,1.14131
2022-08-01 21:00:00,5,301,21,0.13508333,0.9478963,0.9277555
2022-08-01 22:00:00,5,301,22,0.1527,0.7708382,0.7481867
2022-08-01 23:00:00,5,301,23,0.2705,0.5114272,0.48570502
2022-08-02 00:00:00,5,302,0,0.23496667,0.4164229,0.4428262
2022-08-02 01:00:00,5,302,1,0.2237,0.42294195,0.45017755
2022-08-02 02:00:00,5,302,2,0.22471666,0.44532982,0.494605
2022-08-02 03:00:00,5,302,3,0.22153333,0.4378059,0.627617
2022-08-02 04:00:00,5,302,4,0.38033333,0.52802366,0.9843087
2022-08-02 05:00:00,5,302,5,0.27873334,0.5468257,1.2428125
2022-08-02 06:00:00,5,302,6,0.14168334,0.51407385,0.99228734
2022-08-02 07:00:00,5,302,7,0.090866685,0.49276954,0.7632637
2022-08-02 08:00:00,5,302,8,0.084000066,0.368104,0.41561395
2022-08-02 09:00:00,5,302,9,0.1002334,0.3221844,0.32441062
2022-08-02 10:00:00,5,302,10,1.1901855e-07,0.26094383,0.2700965
2022-08-02 11:00:00,5,302,11,1.4768834,0.18279245,0.2017075
2022-08-02 12:00:00,5,302,12,0.42293343,0.17263925,0.2193511
2022-08-02 13:00:00,5,302,13,0.18500562,0.21483709,0.25222322
2022-08-02 14:00:00,5,302,14,0.1331501,0.4613606,0.2355953
2022-08-02 15:00:00,5,302,15,2.4481,0.48836055,0.1330012
2022-08-02 16:00:00,5,302,16,2.89255,0.5693949,0.053253192
2022-08-02 17:00:00,5,302,17,2.85835,0.7874145,0.15833947
2022-08-02 18:00:00,5,302,18,1.19455,0.9556144,0.37295318
2022-08-02 19:00:00,5,302,19,0.51923335,0.9873479,0.646167
2022-08-02 20:00:00,5,302,20,1.0933666,1.0707985,0.8472467
2022-08-02 21:00:00,5,302,21,0.8329833,0.9325072,0.7925405
2022-08-02 22:00:00,5,302,22,1.1199,0.76659167,0.88599813
2022-08-02 23:00:00,5,302,23,1.564,0.68958783,0.9174597
2022-08-03 00:00:00,5,303,0,1.1036416,0.6107901,0.9082718
2022-08-03 01:00:00,5,303,1,0.59785,0.5532846,0.8868492
2022-08-03 02:00:00,5,303,2,0.60351664,0.57195014,0.8459343
2022-08-03 03:00:00,5,303,3,0.5563833,0.6038124,0.7522279
2022-08-03 04:00:00,5,303,4,0.58103335,0.56913096,0.6377785
2022-08-03 05:00:00,5,303,5,0.32086667,0.5844822,0.61852705
2022-08-03 06:00:00,5,303,6,0.18266666,0.5943789,0.6384769
2022-08-03 07:00:00,5,303,7,0.045600027,0.56935275,0.60983956
2022-08-03 08:00:00,5,303,8,9.4858805e-08,0.53819066,0.5654367
2022-08-03 09:00:00,5,303,9,0.0017667714,0.5343432,0.5036337
2022-08-03 10:00:00,5,303,10,0.07441676,0.5656265,0.5036729
2022-08-03 11:00:00,5,303,11,0.7041667,0.57364357,0.4445348
2022-08-03 12:00:00,5,303,12,0.26131672,0.5794178,0.48381972
2022-08-03 13:00:00,5,303,13,0.14068341,0.52374506,0.45109472
2022-08-03 14:00:00,5,303,14,1.2207032e-07,0.42310858,0.44841543
2022-08-03 15:00:00,5,303,15,1.2207032e-07,0.25753874,0.37316978
2022-08-03 16:00:00,5,303,16,1.2207032e-07,0.1894242,0.21689695
2022-08-03 17:00:00,5,303,17,0.47826672,0.3236954,0.30570385
2022-08-03 18:00:00,5,303,18,0.8161,0.5139593,0.46153376
2022-08-03 19:00:00,5,303,19,0.79725,0.78926784,0.615163
2022-08-03 20:00:00,5,303,20,0.68728334,0.8943915,0.87963104
2022-08-03 21:00:00,5,303,21,0.90816665,0.89104956,0.8813351
2022-08-03 22:00:00,5,303,22,0.71491665,0.756386,0.65698767
2022-08-03 23:00:00,5,303,23,0.42173332,0.58469856,0.6071047
2022-08-04 00:00:00,5,304,0,0.3132,0.42894867,0.6605712
2022-08-04 01:00:00,5,304,1,0.22485,0.40472117,0.7322817
2022-08-04 02:00:00,5,304,2,0.221975,0.4365469,0.8530121
2022-08-04 03:00:00,5,304,3,0.22281666,0.45896024,1.0720242
2022-08-04 04:00:00,5,304,4,0.56378335,0.47334272,1.1671194
2022-08-04 05:00:00,5,304,5,0.47118333,0.52294976,1.404261
2022-08-04 06:00:00,5,304,6,0.14585,0.56480646,1.5709615
2022-08-04 07:00:00,5,304,7,0.040350053,0.6129908,1.5833075
2022-08-04 08:00:00,5,304,8,1.0553996e-07,0.593334,1.3277472
2022-08-04 09:00:00,5,304,9,0.5302667,0.55994385,0.9016837
2022-08-04 10:00:00,5,304,10,0.96351665,0.56890595,0.51967514
2022-08-04 11:00:00,5,304,11,0.18881674,0.5126553,0.24866454
2022-08-04 12:00:00,5,304,12,1.2207032e-07,0.30601487,0.09387095
2022-08-04 13:00:00,5,304,13,1.2207032e-07,0.09874478,-0.04454786
2022-08-04 14:00:00,5,304,14,1.2054443e-07,0.02499983,-0.16721264
2022-08-04 15:00:00,5,304,15,0.9313667,0.033480246,-0.24457228
2022-08-04 16:00:00,5,304,16,0.6559833,0.036126364,-0.2794606
2022-08-04 17:00:00,5,304,17,0.086983375,0.037059296,-0.29182976
2022-08-04 18:00:00,5,304,18,0.07706667,0.095498696,-0.28619695
2022-08-04 19:00:00,5,304,19,0.28951666,0.21614598,-0.19444737
2022-08-04 20:00:00,5,304,20,0.48393333,0.4594946,0.018947128
2022-08-04 21:00:00,5,304,21,1.2127833,0.5562176,0.17231372
2022-08-04 22:00:00,5,304,22,1.2824667,0.5570939,0.23152469
2022-08-04 23:00:00,5,304,23,0.75728333,0.49509993,0.25759703
2022-08-05 00:00:00,5,305,0,0.32129166,0.4088253,0.290084
2022-09-05 01:00:00,6,305,1,0.39455,0.3642012,0.30677766
2022-09-05 02:00:00,6,305,2,0.38121668,0.4279073,0.34862733
2022-09-05 03:00:00,6,305,3,0.37665,0.5107377,0.46692598
2022-09-05 04:00:00,6,305,4,0.48495,0.5626315,0.72525406
2022-09-05 05:00:00,6,305,5,0.33401668,0.57464796,0.98216105
2022-09-05 06:00:00,6,305,6,0.21945,0.58547235,1.2586827
2022-09-05 07:00:00,6,305,7,0.15886667,0.51605487,1.3394638
2022-09-05 08:00:00,6,305,8,0.020583408,0.40293548,1.1833584
2022-09-05 09:00:00,6,305,9,1.1342367e-07,0.4826344,1.0379231
2022-09-05 10:00:00,6,305,10,1.200358e-07,0.66577417,0.978229
2022-09-05 11:00:00,6,305,11,1.2207032e-07,0.8288104,1.0620431
2022-09-05 12:00:00,6,305,12,1.2207032e-07,0.7955702,1.1118801
2022-09-05 13:00:00,6,305,13,1.2207032e-07,0.5949926,1.0314814
2022-09-05 14:00:00,6,305,14,1.2207032e-07,0.45148683,0.8730189
2022-09-05 15:00:00,6,305,15,1.2207032e-07,0.34956124,0.7034309
2022-09-05 16:00:00,6,305,16,1.2207032e-07,0.3801781,0.59273463
2022-09-05 17:00:00,6,305,17,1.2207032e-07,0.43183437,0.5345375
2022-09-05 18:00:00,6,305,18,1.0325114e-07,0.47219554,0.57625437
2022-09-05 19:00:00,6,305,19,0.95723337,0.6209337,0.7162627
2022-09-05 20:00:00,6,305,20,1.1732833,0.8471162,0.9136373
2022-09-05 21:00:00,6,305,21,0.80691665,0.86273515,1.0400014
2022-09-05 22:00:00,6,305,22,0.4188,0.76654357,0.96643895
2022-09-05 23:00:00,6,305,23,0.27578333,0.711767,0.812216
2022-09-06 00:00:00,6,306,0,0.60248333,0.5780184,0.7025302
2022-09-06 01:00:00,6,306,1,0.40065,0.47584286,0.61348724
2022-09-06 02:00:00,6,306,2,0.74298334,0.4608896,0.5569717
2022-09-06 03:00:00,6,306,3,0.38070834,0.50270444,0.54644024
2022-09-06 04:00:00,6,306,4,0.22223334,0.5272309,0.6342752
2022-09-06 05:00:00,6,306,5,0.21676667,0.56481636,0.74639624
2022-09-06 06:00:00,6,306,6,0.1176,0.516213,0.85999054
2022-09-06 07:00:00,6,306,7,0.08443333,0.38906193,0.9735459
2022-09-06 08:00:00,6,306,8,0.0073334076,0.34756127,0.9787933
2022-09-06 09:00:00,6,306,9,1.17492675e-07,0.53783363,0.9330706
2022-09-06 10:00:00,6,306,10,1.2207032e-07,0.77266234,0.8898593
2022-09-06 11:00:00,6,306,11,1.2207032e-07,0.99540764,1.0136509
2022-09-06 12:00:00,6,306,12,1.2207032e-07,0.94531083,1.1117048
2022-09-06 13:00:00,6,306,13,1.2207032e-07,0.65451115,1.0006368
2022-09-06 14:00:00,6,306,14,1.2207032e-07,0.42672515,0.70583576
2022-09-06 15:00:00,6,306,15,1.2207032e-07,0.2845852,0.41889662
2022-09-06 16:00:00,6,306,16,0.14023344,0.26297882,0.22896594
2022-09-06 17:00:00,6,306,17,2.5769668,0.30633825,0.14544547
2022-09-06 18:00:00,6,306,18,1.3785001,0.42843026,0.17559123
2022-09-06 19:00:00,6,306,19,0.15571669,0.58577096,0.38274086
2022-09-06 20:00:00,6,306,20,0.9296167,0.78454167,0.66014874
2022-09-06 21:00:00,6,306,21,1.8442167,0.90057904,0.77524656
2022-09-06 22:00:00,6,306,22,0.24256666,0.87623966,0.7049592
2022-09-06 23:00:00,6,306,23,0.536,0.79070055,0.5314323
2022-09-07 00:00:00,6,307,0,0.8768167,0.69721115,0.4625853
2022-09-07 01:00:00,6,307,1,0.48535833,0.6117256,0.41531554
2022-09-07 02:00:00,6,307,2,0.22511667,0.510827,0.39461038
2022-09-07 03:00:00,6,307,3,0.2217,0.5225898,0.40817428
2022-09-07 04:00:00,6,307,4,0.2219,0.529614,0.41972253
2022-09-07 05:00:00,6,307,5,0.21683334,0.55396724,0.45654282
2022-09-07 06:00:00,6,307,6,0.13363333,0.49450207,0.4961494
2022-09-07 07:00:00,6,307,7,0.06590002,0.3902063,0.5369698
2022-09-07 08:00:00,6,307,8,9.613037e-08,0.2831357,0.586266
2022-09-07 09:00:00,6,307,9,1.159668e-07,0.36712554,0.5998992
2022-09-07 10:00:00,6,307,10,1.2207032e-07,0.5674541,0.591499
2022-09-07 11:00:00,6,307,11,0.6688834,0.70996755,0.77721167
2022-09-07 12:00:00,6,307,12,1.2207032e-07,0.6806846,0.9120768
2022-09-07 13:00:00,6,307,13,0.77811676,0.5523259,0.90587664
2022-09-07 14:00:00,6,307,14,1.5438666,0.36098218,0.62385833
2022-09-07 15:00:00,6,307,15,1.180013e-07,0.25164294,0.3296504
2022-09-07 16:00:00,6,307,16,0.92235005,0.23567073,0.09173417
2022-09-07 17:00:00,6,307,17,1.2684945,0.32776225,-0.02534866
2022-09-07 18:00:00,6,307,18,1.1501667,0.56618017,0.13527268
2022-09-07 19:00:00,6,307,19,0.2511167,0.8026522,0.35253292
2022-09-07 20:00:00,6,307,20,1.8918667,0.92449147,0.50366354
2022-09-07 21:00:00,6,307,21,1.0945667,0.9336233,0.5367233
2022-09-07 22:00:00,6,307,22,0.6307,0.74754506,0.3841362
2022-09-07 23:00:00,6,307,23,0.48956665,0.55600435,0.35228717
2022-09-08 00:00:00,6,308,0,0.50063336,0.48604044,0.317856
2022-09-08 01:00:00,6,308,1,0.5183833,0.4285739,0.28033417
2022-09-08 02:00:00,6,308,2,0.46465,0.4480406,0.24168831
2022-09-08 03:00:00,6,308,3,0.21585,0.4719066,0.24056157
2022-09-08 04:00:00,6,308,4,0.21703333,0.46720016,0.20346873
2022-09-08 05:00:00,6,308,5,0.20661667,0.446825,0.21915191
2022-09-08 06:00:00,6,308,6,0.12803334,0.3843687,0.26610535
2022-09-08 07:00:00,6,308,7,0.06733335,0.31855065,0.2421293
2022-09-08 08:00:00,6,308,8,9.613037e-08,0.15421762,0.1591169
2022-09-08 09:00:00,6,308,9,1.1647543e-07,0.07373126,0.054165818
2022-09-08 10:00:00,6,308,10,1.2207032e-07,0.19932044,-0.013129219
2022-09-08 11:00:00,6,308,11,1.2207032e-07,0.3553566,-0.16356239
2022-09-08 12:00:00,6,308,12,1.2207032e-07,0.3867208,-0.17545289
2022-09-08 13:00:00,6,308,13,1.2207032e-07,0.2937166,-0.25356764
2022-09-08 14:00:00,6,308,14,1.1447167,0.25658116,-0.33334085
2022-09-08 15:00:00,6,308,15,1.5389,0.34669313,-0.37609968
2022-09-08 16:00:00,6,308,16,1.2364334,0.47357884,-0.28737408
2022-09-08 17:00:00,6,308,17,0.57908344,0.6907539,-0.1782876
2022-09-08 18:00:00,6,308,18,1.0807667,0.88638216,-0.06999031
2022-09-08 19:00:00,6,308,19,0.9719834,1.0435358,0.054736856
2022-09-08 20:00:00,6,308,20,0.389,1.1356754,0.15802014
2022-09-08 21:00:00,6,308,21,0.97505,1.0669212,0.2293323
2022-09-08 22:00:00,6,308,22,0.80801666,0.9214625,0.26869726
2022-09-08 23:00:00,6,308,23,0.64016664,0.6550714,0.32155558
2022-09-09 00:00:00,6,309,0,0.6321333,0.48339036,0.35909504
2022-09-09 01:00:00,6,309,1,0.30318335,0.38533872,0.3938735
2022-09-09 02:00:00,6,309,2,0.22235,0.37851042,0.3735398
2022-09-09 03:00:00,6,309,3,0.22713333,0.41747892,0.4244582
2022-09-09 04:00:00,6,309,4,0.22663334,0.44940478,0.47944042
2022-09-09 05:00:00,6,309,5,1.9093167,0.44064578,0.50910735
2022-09-09 06:00:00,6,309,6,1.3564334,0.4394226,0.53991914
2022-09-09 07:00:00,6,309,7,0.20978333,0.41358244,0.5119237
2022-09-09 08:00:00,6,309,8,0.20890002,0.5391014,0.4031706
2022-09-09 09:00:00,6,309,9,0.027016765,0.7671886,0.19632964
2022-09-09 10:00:00,6,309,10,1.2207032e-07,0.9448646,0.10824859
2022-09-09 11:00:00,6,309,11,1.2207032e-07,1.0373434,0.20208463
2022-09-09 12:00:00,6,309,12,1.3246334,1.0340152,0.17133151
2022-09-09 13:00:00,6,309,13,0.60086673,0.78418344,-0.0113106035
2022-09-09 14:00:00,6,309,14,1.2207032e-07,0.6284402,-0.15215102
2022-09-09 15:00:00,6,309,15,0.54960006,0.57005596,-0.1797947
2022-09-09 16:00:00,6,309,16,3.5069833,0.63396585,-0.17241728
2022-09-09 17:00:00,6,309,17,0.8189334,0.77146477,-0.13361508
2022-09-09 18:00:00,6,309,18,1.1291504e-07,1.0194266,-0.028593954
2022-09-09 19:00:00,6,309,19,0.37205002,1.2500161,0.064100444
2022-09-09 20:00:00,6,309,20,0.64666665,1.4807206,0.22200048
2022-09-09 21:00:00,6,309,21,1.6412834,1.4330767,0.30572549
2022-09-09 22:00:00,6,309,22,0.5714667,1.2530941,0.31907254
2022-09-09 23:00:00,6,309,23,0.25496668,1.0671805,0.3330981
2022-09-10 00:00:00,6,310,0,0.25620833,0.89356345,0.42321286
2022-09-10 01:00:00,6,310,1,0.25665,0.68175954,0.45118964
2022-09-10 02:00:00,6,310,2,0.25518334,0.38892055,0.47155765
2022-09-10 03:00:00,6,310,3,0.25271666,0.45489702,0.5923327
2022-09-10 04:00:00,6,310,4,0.25243333,0.4678348,0.81896704
2022-09-10 05:00:00,6,310,5,0.23345,0.46637413,0.9433284
2022-09-10 06:00:00,6,310,6,0.08981667,0.5166102,1.0619688
2022-09-10 07:00:00,6,310,7,0.009050042,0.5616681,1.1971127
2022-09-10 08:00:00,6,310,8,9.613037e-08,0.5685636,1.1013209
2022-09-10 09:00:00,6,310,9,1.200358e-07,0.63142604,0.8809493
2022-09-10 10:00:00,6,310,10,1.2207032e-07,0.82122594,0.87233543
2022-09-10 11:00:00,6,310,11,1.2207032e-07,1.0036931,0.91986465
2022-09-10 12:00:00,6,310,12,1.2207032e-07,0.9166327,0.8895099
2022-09-10 13:00:00,6,310,13,1.2207032e-07,0.7466428,0.8085232
2022-09-10 14:00:00,6,310,14,1.2207032e-07,0.6414193,0.7264718
2022-09-10 15:00:00,6,310,15,1.2207032e-07,0.61646515,0.65571326
2022-09-10 16:00:00,6,310,16,1.2207032e-07,0.59590393,0.60049295
2022-09-10 17:00:00,6,310,17,1.2207032e-07,0.57538897,0.4682566
2022-09-10 18:00:00,6,310,18,0.8655501,0.6530153,0.475357
2022-09-10 19:00:00,6,310,19,0.3427,0.6752264,0.636065
2022-09-10 20:00:00,6,310,20,0.24866667,0.74925655,0.86714643
2022-09-10 21:00:00,6,310,21,0.25268334,0.68706304,0.8141947
2022-09-10 22:00:00,6,310,22,0.25241667,0.5223037,0.78256226
2022-09-10 23:00:00,6,310,23,0.2527,0.32010117,0.69966596
2022-09-11 00:00:00,6,311,0,0.25416666,0.28018692,0.84833014
2022-09-11 01:00:00,6,311,1,0.25506666,0.37676987,0.83774
2022-09-11 02:00:00,6,311,2,0.25534168,0.47199294,0.8852942
2022-09-11 03:00:00,6,311,3,0.2537,0.52681595,1.0762329
2022-09-11 04:00:00,6,311,4,0.25283334,0.54077,1.1717108
2022-09-11 05:00:00,6,311,5,0.24796666,0.45733425,1.0893937
2022-09-11 06:00:00,6,311,6,0.12431667,0.50106853,1.077304
2022-09-11 07:00:00,6,311,7,0.0064500873,0.5870288,0.97487646
2022-09-11 08:00:00,6,311,8,9.714763e-08,0.6487924,0.843235
2022-09-11 09:00:00,6,311,9,1.1850993e-07,0.8041787,0.6929065
2022-09-11 10:00:00,6,311,10,1.2207032e-07,0.97890824,0.5939504
2022-09-11 11:00:00,6,311,11,1.2207032e-07,1.0728562,0.56595314
2022-09-11 12:00:00,6,311,12,1.2207032e-07,1.063602,0.44605392
2022-09-11 13:00:00,6,311,13,1.2207032e-07,1.0301204,0.3551635
2022-09-11 14:00:00,6,311,14,1.2207032e-07,0.75703585,0.04030669
2022-09-11 15:00:00,6,311,15,1.2207032e-07,0.566276,-0.19998848
2022-09-11 16:00:00,6,311,16,1.2207032e-07,0.52761644,-0.27119014
2022-09-11 17:00:00,6,311,17,0.6463001,0.50197864,-0.19305867
2022-09-11 18:00:00,6,311,18,0.25668344,0.5523128,-0.16451332
2022-09-11 19:00:00,6,311,19,0.58745,0.67076796,0.019268725
2022-09-11 20:00:00,6,311,20,1.4480166,0.8036348,0.32711428
2022-09-11 21:00:00,6,311,21,1.141075,0.81947845,0.47099566
2022-09-11 22:00:00,6,311,22,1.1417667,0.79945403,0.53341484
2022-09-11 23:00:00,6,311,23,1.8648584,0.78057325,0.6414424
2022-09-12 00:00:00,6,312,0,0.8369167,0.78420824,0.70973784
2022-09-12 01:00:00,6,312,1,0.33591667,0.7871233,0.77927387
2022-09-12 02:00:00,6,312,2,0.33043334,0.7716868,0.7628598
2022-09-12 03:00:00,6,312,3,0.32728332,0.73248804,0.73844016
2022-09-12 04:00:00,6,312,4,0.5776833,0.6944594,0.72480047
2022-09-12 05:00:00,6,312,5,1.9338167,0.669596,0.716316
2022-09-12 06:00:00,6,312,6,0.7477667,0.6762026,0.70783085
2022-09-12 07:00:00,6,312,7,0.008408417,0.66649455,0.76397145
2022-09-12 08:00:00,6,312,8,1.0172526e-07,0.6175647,0.73882955
2022-09-12 09:00:00,6,312,9,1.0197957e-07,0.6860174,0.76207525
2022-09-12 10:00:00,6,312,10,1.17492675e-07,0.8482984,0.81912524
2022-09-12 11:00:00,6,312,11,1.2207032e-07,0.99444985,0.9171506
2022-09-12 12:00:00,6,312,12,1.2207032e-07,1.1079551,1.1380856
2022-09-12 13:00:00,6,312,13,1.2207032e-07,1.1591763,1.2902412
2022-09-12 14:00:00,6,312,14,1.2207032e-07,0.85370284,1.3018214
2022-09-12 15:00:00,6,312,15,1.2156168e-07,0.62804264,1.2081113
2022-09-12 16:00:00,6,312,16,1.2207032e-07,0.44931385,1.0855966
2022-09-12 17:00:00,6,312,17,1.17492675e-07,0.40544572,0.9888948
2022-09-12 18:00:00,6,312,18,1.0579427e-07,0.5866356,1.0394672
2022-09-12 19:00:00,6,312,19,0.19365835,0.72869694,1.1274475
2022-09-12 20:00:00,6,312,20,0.33376667,0.866463,1.2387413
2022-09-12 21:00:00,6,312,21,0.33351666,0.95267725,1.221864
2022-09-12 22:00:00,6,312,22,0.4888,0.9280848,1.1489342
2022-09-12 23:00:00,6,312,23,0.65472776,0.86487687,1.0315313
2022-09-13 00:00:00,6,313,0,0.37836668,0.78933436,0.8837336
2022-09-13 01:00:00,6,313,1,0.38138333,0.6890533,0.7421477
2022-09-13 02:00:00,6,313,2,0.36645,0.6569902,0.7338094
2022-09-13 03:00:00,6,313,3,0.32755,0.63531244,0.71847427
2022-09-13 04:00:00,6,313,4,0.32683334,0.6366018,0.7047632
2022-09-13 05:00:00,6,313,5,0.31093332,0.6541496,0.76133645
2022-09-13 06:00:00,6,313,6,0.1657,0.64206666,0.8721316
2022-09-13 07:00:00,6,313,7,0.11543335,0.5661078,0.90855664
2022-09-13 08:00:00,6,313,8,0.07845003,0.4520649,0.9129132
2022-09-13 09:00:00,6,313,9,1.1342367e-07,0.26242703,0.6552248
2022-09-13 10:00:00,6,313,10,0.14360008,0.19102366,0.48341274
2022-09-13 11:00:00,6,313,11,0.023575103,0.23179816,0.46080247
2022-09-13 12:00:00,6,313,12,1.2207032e-07,0.25811633,0.46979693
2022-09-13 13:00:00,6,313,13,1.2207032e-07,0.25031015,0.28849512
2022-09-13 14:00:00,6,313,14,1.2207032e-07,0.25153917,0.21905115
2022-09-13 15:00:00,6,313,15,1.2821667,0.32650286,0.058413688
2022-09-13 16:00:00,6,313,16,1.5863334,0.35884607,-0.15330452
2022-09-13 17:00:00,6,313,17,1.2207032e-07,0.41794246,-0.1916124
2022-09-13 18:00:00,6,313,18,2.3111334,0.596205,0.0072461404
2022-09-13 19:00:00,6,313,19,1.7658833,0.8006748,0.23244458
2022-09-13 20:00:00,6,313,20,0.3213,0.9662799,0.54054785
2022-09-13 21:00:00,6,313,21,0.3388,0.99833566,0.6229097
2022-09-13 22:00:00,6,313,22,0.22671667,0.885172,0.5692377
2022-09-13 23:00:00,6,313,23,0.37628335,0.8493112,0.46190372
2022-09-14 00:00:00,6,314,0,0.60335,0.7654975,0.4324263
2022-09-14 01:00:00,6,314,1,0.76063335,0.6970985,0.44881815
2022-09-14 02:00:00,6,314,2,0.83311665,0.5823595,0.4609823
2022-09-14 03:00:00,6,314,3,0.22938333,0.5479306,0.48217398
2022-09-14 04:00:00,6,314,4,0.229,0.50249326,0.5198554
2022-09-14 05:00:00,6,314,5,0.22756666,0.52647424,0.5596189
2022-09-14 06:00:00,6,314,6,0.117583334,0.49810684,0.7846389
2022-09-14 07:00:00,6,314,7,0.011166749,0.50638807,0.7860612
2022-09-14 08:00:00,6,314,8,1.01216635e-07,0.5878433,0.68790674
2022-09-14 09:00:00,6,314,9,1.200358e-07,0.65282893,0.59856343
2022-09-14 10:00:00,6,314,10,9.969076e-08,0.8001343,0.69148386
2022-09-14 11:00:00,6,314,11,0.004083431,0.9205956,0.965833
2022-09-14 12:00:00,6,314,12,1.200358e-07,0.83475155,1.0912528
2022-09-14 13:00:00,6,314,13,1.2207032e-07,0.7330091,1.1269147
2022-09-14 14:00:00,6,314,14,1.2207032e-07,0.586604,0.9479176
2022-09-14 15:00:00,6,314,15,1.200358e-07,0.51201284,0.7703117
2022-09-14 16:00:00,6,314,16,1.2207032e-07,0.44113627,0.55456185
2022-09-14 17:00:00,6,314,17,1.2207032e-07,0.498471,0.45919126
2022-09-14 18:00:00,6,314,18,0.14241673,0.63904685,0.5090482
2022-09-14 19:00:00,6,314,19,0.4554667,0.87063617,0.59536815
2022-09-14 20:00:00,6,314,20,0.91625,1.2083813,0.73591346
2022-09-14 21:00:00,6,314,21,1.2474333,1.0612673,0.81752825
2022-09-14 22:00:00,6,314,22,1.3313333,0.81129354,0.72428006
2022-09-14 23:00:00,6,314,23,0.8147333,0.531945,0.4224586
2022-09-15 00:00:00,6,315,0,0.30881667,0.4901099,0.29814988
2022-09-15 01:00:00,6,315,1,0.24221666,0.49756745,0.26495922
2022-09-15 02:00:00,6,315,2,0.23566666,0.5143091,0.2921592
2022-09-15 03:00:00,6,315,3,0.23143333,0.50918597,0.28890795
2022-09-15 04:00:00,6,315,4,0.23113333,0.515317,0.38551283
2022-09-15 05:00:00,6,315,5,0.23243333,0.51693296,0.49867922
2022-09-15 06:00:00,6,315,6,0.17853333,0.4744377,0.5760618
2022-09-15 07:00:00,6,315,7,0.038616676,0.34333083,0.62337303
2022-09-15 08:00:00,6,315,8,0.3592167,0.15289427,0.5689434
2022-09-15 09:00:00,6,315,9,0.08465008,0.24232177,0.41155747
2022-09-15 10:00:00,6,315,10,9.638468e-08,0.53980577,0.33629382
2022-09-15 11:00:00,6,315,11,0.013883431,0.78176826,0.38500112
2022-09-15 12:00:00,6,315,12,0.066200085,0.8994566,0.37758732
2022-09-15 13:00:00,6,315,13,0.023100084,0.84588116,0.23642927
2022-09-15 14:00:00,6,315,14,9.562174e-08,0.7461367,0.049511794
2022-09-15 15:00:00,6,315,15,1.10880535e-07,0.65224546,-0.21388173
2022-09-15 16:00:00,6,315,16,1.121521e-07,0.6227429,-0.25710934
2022-09-15 17:00:00,6,315,17,1.2156168e-07,0.6074484,-0.18508184
2022-09-15 18:00:00,6,315,18,0.0019167796,0.65357155,-0.13556665
2022-09-15 19:00:00,6,315,19,0.15505002,0.8620264,0.262766
2022-09-15 20:00:00,6,315,20,0.30626667,1.0626674,0.61868286
2022-09-15 21:00:00,6,315,21,0.64498335,1.1365381,0.7548144
2022-09-15 22:00:00,6,315,22,0.6831667,1.0920508,0.8088573
2022-09-15 23:00:00,6,315,23,1.2564,0.9369692,0.67580473
2022-09-16 00:00:00,6,316,0,0.9145,0.7729178,0.5504377
2022-09-16 01:00:00,6,316,1,0.9747,0.647809,0.47740284
2022-09-16 02:00:00,6,316,2,0.35526666,0.53277797,0.48762456
2022-09-16 03:00:00,6,316,3,0.23481667,0.518481,0.47973892
2022-09-16 04:00:00,6,316,4,0.23056667,0.5175183,0.47414786
2022-09-16 05:00:00,6,316,5,0.219,0.5197328,0.48016804
2022-09-16 06:00:00,6,316,6,0.11511666,0.4864141,0.4623726
2022-09-16 07:00:00,6,316,7,0.022300063,0.39036748,0.43722335
2022-09-16 08:00:00,6,316,8,9.307861e-08,0.3911747,0.44539064
2022-09-16 09:00:00,6,316,9,1.2207032e-07,0.53591776,0.49974486
2022-09-16 10:00:00,6,316,10,1.2207032e-07,0.75115114,0.5499845
2022-09-16 11:00:00,6,316,11,1.1952719e-07,0.90543133,0.54384714
2022-09-16 12:00:00,6,316,12,1.2207032e-07,1.0364925,0.63536286
2022-09-16 13:00:00,6,316,13,1.2207032e-07,0.96899194,0.6258893
2022-09-16 14:00:00,6,316,14,1.2207032e-07,0.85451233,0.40231365
2022-09-16 15:00:00,6,316,15,0.00020012003,0.8806503,0.16843891
2022-09-16 16:00:00,6,316,16,1.2207032e-07,0.9082664,0.0649001
2022-09-16 17:00:00,6,316,17,1.2207032e-07,0.9580475,0.056531314
2022-09-16 18:00:00,6,316,18,1.1291504e-07,1.0249109,0.13551009
2022-09-16 19:00:00,6,316,19,0.37060001,1.2374517,0.36579728
2022-09-16 20:00:00,6,316,20,0.85115,1.5153965,0.7243455
2022-09-16 21:00:00,6,316,21,1.0849667,1.5958575,0.8427529
2022-09-16 22:00:00,6,316,22,1.1871667,1.4974269,0.7993318
2022-09-16 23:00:00,6,316,23,0.72211665,1.2303008,0.68616545
2022-09-17 00:00:00,6,317,0,0.251,0.9883378,0.611604
2022-09-17 01:00:00,6,317,1,0.23863333,0.7976851,0.5553459
2022-09-17 02:00:00,6,317,2,0.23858333,0.5918742,0.47075504
2022-09-17 03:00:00,6,317,3,0.23026666,0.48523638,0.4414189
2022-09-17 04:00:00,6,317,4,0.23105,0.45146865,0.45571035
2022-09-17 05:00:00,6,317,5,0.22325,0.48095274,0.6079409
2022-09-17 06:00:00,6,317,6,0.1333,0.49571535,0.78978324
2022-09-17 07:00:00,6,317,7,0.07081668,0.6247268,0.9402652
2022-09-17 08:00:00,6,317,8,9.5113116e-08,0.8655785,1.0024661
2022-09-17 09:00:00,6,317,9,1.2105306e-07,1.1317774,1.0378488
2022-09-17 10:00:00,6,317,10,1.2207032e-07,1.340732,1.1092525
2022-09-17 11:00:00,6,317,11,1.2207032e-07,1.2875124,1.3524559
2022-09-17 12:00:00,6,317,12,1.2207032e-07,1.1655073,1.3494438
2022-09-17 13:00:00,6,317,13,1.2207032e-07,1.0180207,1.2423619
2022-09-17 14:00:00,6,317,14,1.2207032e-07,0.8805993,1.067187
2022-09-17 15:00:00,6,317,15,1.2207032e-07,0.8599326,0.9215717
2022-09-17 16:00:00,6,317,16,1.2207032e-07,0.84874576,0.8414217
2022-09-17 17:00:00,6,317,17,1.2207032e-07,0.85745543,0.8376423
2022-09-17 18:00:00,6,317,18,1.1342367e-07,0.92218846,0.8924539
2022-09-17 19:00:00,6,317,19,0.41688335,0.9802105,1.0202864
2022-09-17 20:00:00,6,317,20,0.5668333,1.1370957,1.1672623
2022-09-17 21:00:00,6,317,21,0.63523334,1.2071695,1.2176918
2022-09-17 22:00:00,6,317,22,1.1986166,1.1498271,1.1786093
2022-09-17 23:00:00,6,317,23,1.6667334,1.0071305,1.0241466
2022-09-18 00:00:00,6,318,0,1.8418916,0.853902,0.883673
2022-09-18 01:00:00,6,318,1,1.2043333,0.70406437,0.74602973
2022-09-18 02:00:00,6,318,2,0.6976333,0.59083587,0.6134749
2022-09-18 03:00:00,6,318,3,0.66216666,0.49900702,0.5021519
2022-09-18 04:00:00,6,318,4,0.73698336,0.50038654,0.49049008
2022-09-18 05:00:00,6,318,5,0.6681833,0.54627115,0.6341074
2022-09-18 06:00:00,6,318,6,0.65618336,0.69827014,0.73842114
2022-09-18 07:00:00,6,318,7,0.55518335,0.8879296,0.76885533
2022-09-18 08:00:00,6,318,8,0.2,1.2002312,0.8315318
2022-09-18 09:00:00,6,318,9,1.200358e-07,1.4503051,0.90449303
2022-09-18 10:00:00,6,318,10,1.2207032e-07,1.5726619,1.1798826
2022-09-18 11:00:00,6,318,11,1.2660501,1.4784,1.3630912
2022-09-18 12:00:00,6,318,12,1.2207032e-07,1.3264452,1.3349481
2022-09-18 13:00:00,6,318,13,1.2207032e-07,1.14348,1.1981403
2022-09-18 14:00:00,6,318,14,1.2207032e-07,0.9839515,1.0064182
2022-09-18 15:00:00,6,318,15,1.3991168,0.93955094,0.8887211
2022-09-18 16:00:00,6,318,16,2.9380167,0.9496815,0.8350315
2022-09-18 17:00:00,6,318,17,2.8478832,0.98713803,0.8384224
2022-09-18 18:00:00,6,318,18,2.9382334,1.0431777,0.9148586
2022-09-18 19:00:00,6,318,19,2.1805,1.1565396,1.0552478
2022-09-18 20:00:00,6,318,20,1.95725,1.2851614,1.1916815
2022-09-18 21:00:00,6,318,21,0.61216664,1.2958089,1.2335267
2022-09-18 22:00:00,6,318,22,1.7922,1.2156416,1.2139865
2022-09-18 23:00:00,6,318,23,3.1268334,1.1002375,1.1164366
2022-09-19 00:00:00,6,319,0,0.6988,0.93403286,0.99633896
2022-09-19 01:00:00,6,319,1,2.19655,0.75748634,0.838414
2022-09-19 02:00:00,6,319,2,0.51065,0.60161513,0.6429354
2022-09-19 03:00:00,6,319,3,0.5302167,0.5036026,0.5105423
2022-09-19 04:00:00,6,319,4,0.41073334,0.49018666,0.60983694
2022-09-19 05:00:00,6,319,5,0.4061,0.4605436,0.6970941
2022-09-19 06:00:00,6,319,6,0.3241,0.43376774,0.71275944
2022-09-19 07:00:00,6,319,7,0.2456,0.5179835,0.7470851
2022-09-19 08:00:00,6,319,8,0.018400066,0.9810956,0.7854229
2022-09-19 09:00:00,6,319,9,0.00041678417,1.3424987,0.8325145
2022-09-19 10:00:00,6,319,10,1.79895,1.4802908,0.955073
2022-09-19 11:00:00,6,319,11,1.2207032e-07,1.4151047,1.1284649
2022-09-19 12:00:00,6,319,12,1.2207032e-07,1.2426276,1.1001618
2022-09-19 13:00:00,6,319,13,0.018866757,1.1363586,0.9873001
2022-09-19 14:00:00,6,319,14,0.049466774,0.9983949,0.80068666
2022-09-19 15:00:00,6,319,15,0.8299334,0.9948632,0.53615904
2022-09-19 16:00:00,6,319,16,1.1753,0.9491649,0.41634715
2022-09-19 17:00:00,6,319,17,1.5191168,1.0773891,0.34256494
2022-09-19 18:00:00,6,319,18,2.3438833,1.3234929,0.34675705
2022-09-19 19:00:00,6,319,19,1.57055,1.7034488,0.3938423
2022-09-19 20:00:00,6,319,20,1.0510334,2.1462991,0.6600922
2022-09-19 21:00:00,6,319,21,0.74365,2.267971,0.82986337
2022-09-19 22:00:00,6,319,22,3.6481,1.973642,0.6364902
2022-09-19 23:00:00,6,319,23,2.4603167,1.2719687,0.31779513
2022-09-20 00:00:00,6,320,0,3.7611334,0.7511783,0.043317873
2022-09-20 01:00:00,6,320,1,1.6523,0.4410483,0.117828384
2022-09-20 02:00:00,6,320,2,0.8796,0.35073596,0.45813414
2022-09-20 03:00:00,6,320,3,2.8537166,0.3618491,0.6224825
2022-09-20 04:00:00,6,320,4,2.6255,0.33044192,0.88187146
2022-09-20 05:00:00,6,320,5,0.34776667,0.33238754,1.0597469
2022-09-20 06:00:00,6,320,6,0.29394168,0.32293016,1.1467482
2022-09-20 07:00:00,6,320,7,0.9996833,0.32656625,1.0921565
2022-09-20 08:00:00,6,320,8,5.6512165,0.26480594,0.8017702
2022-09-20 09:00:00,6,320,9,4.37175,0.6226086,0.39462194
2022-09-20 10:00:00,6,320,10,3.7592666,0.95321554,0.06438583
2022-09-20 11:00:00,6,320,11,3.74015,0.9597059,-0.029955935
2022-09-20 12:00:00,6,320,12,3.1795666,0.95368296,0.07022512
2022-09-20 13:00:00,6,320,13,2.1128333,0.854011,-0.059627082
2022-09-20 14:00:00,6,320,14,1.8023001,0.76634157,-0.26939848
2022-09-20 15:00:00,6,320,15,2.0501502,0.70782644,-0.35166538
2022-09-20 16:00:00,6,320,16,1.5138667,0.7493521,-0.37910497
2022-09-20 17:00:00,6,320,17,0.4462001,0.82768655,-0.35051796
2022-09-20 18:00:00,6,320,18,1.1342367e-07,0.95231074,-0.26630223
2022-09-20 19:00:00,6,320,19,2.6534834,1.247435,-0.1379534
2022-09-20 20:00:00,6,320,20,1.73365,1.5663022,-0.01103219
2022-09-20 21:00:00,6,320,21,0.67611665,1.6515781,0.1484762
2022-09-20 22:00:00,6,320,22,0.67536664,1.4417928,0.17902742
2022-09-20 23:00:00,6,320,23,0.6767667,0.95113343,0.06899373
2022-09-21 00:00:00,6,321,0,1.8276,0.55773807,0.14634213
2022-09-21 01:00:00,6,321,1,3.2238333,0.39875928,0.6832595
2022-09-21 02:00:00,6,321,2,1.4767333,0.43963546,0.81532645
2022-09-21 03:00:00,6,321,3,0.18269166,0.35228032,1.0307283
2022-09-21 04:00:00,6,321,4,0.18306667,0.3839075,0.74672294
2022-09-21 05:00:00,6,321,5,0.5394,0.3270761,0.5474044
2022-09-21 06:00:00,6,321,6,0.13776666,0.2603215,0.64188445
2022-09-21 07:00:00,6,321,7,0.06916668,0.19410385,0.41593957
2022-09-21 08:00:00,6,321,8,9.587606e-08,0.24468212,0.34683105
2022-09-21 09:00:00,6,321,9,1.1901855e-07,0.39594725,0.27252403
2022-09-21 10:00:00,6,321,10,1.2207032e-07,0.5271048,0.058610324
2022-09-21 11:00:00,6,321,11,1.2207032e-07,0.4954517,0.03108323
2022-09-21 12:00:00,6,321,12,1.2207032e-07,0.7073737,0.031093273
2022-09-21 13:00:00,6,321,13,1.3857417,0.8851709,0.14595649
2022-09-21 14:00:00,6,321,14,1.8851334,1.1373001,0.17805889
2022-09-21 15:00:00,6,321,15,0.70521677,1.1245283,0.064249575
2022-09-21 16:00:00,6,321,16,1.2207032e-07,1.1076524,0.22198978
2022-09-21 17:00:00,6,321,17,1.8203667,1.165402,0.3374094
2022-09-21 18:00:00,6,321,18,1.8954333,1.3287121,0.4252707
2022-09-21 19:00:00,6,321,19,0.2615278,1.4391272,0.6234665
2022-09-21 20:00:00,6,321,20,0.2436,1.4830405,0.87238145
2022-09-21 21:00:00,6,321,21,0.2452139,1.27525,0.7716917
2022-09-21 22:00:00,6,321,22,0.24548334,0.9282492,0.7162068
2022-09-21 23:00:00,6,321,23,2.2792168,0.7292256,0.4385612
2022-09-22 00:00:00,6,322,0,3.2904167,0.5900898,0.31684715
2022-09-22 01:00:00,6,322,1,0.55548334,0.5247514,0.16083857
2022-09-22 02:00:00,6,322,2,0.7248167,0.46200725,0.26746196
2022-09-22 03:00:00,6,322,3,1.89075,0.46279648,0.48119652
2022-09-22 04:00:00,6,322,4,0.5503333,0.44652733,0.39363316
2022-09-22 05:00:00,6,322,5,1.0066833,0.49474248,0.3786413
2022-09-22 06:00:00,6,322,6,0.127775,0.5021109,0.66350865
2022-09-22 07:00:00,6,322,7,0.29127502,0.48307422,0.92172474
2022-09-22 08:00:00,6,322,8,0.56780005,0.4883424,0.72505724
2022-09-22 09:00:00,6,322,9,0.70081675,0.9580672,0.21836123
2022-09-22 10:00:00,6,322,10,0.69545007,1.1852553,-0.053126153
2022-09-22 11:00:00,6,322,11,0.019716784,1.271876,-0.06802395
2022-09-22 12:00:00,6,322,12,1.2207032e-07,1.22767,-0.022786703
2022-09-22 13:00:00,6,322,13,1.2207032e-07,0.9622424,-0.17091851
2022-09-22 14:00:00,6,322,14,0.25218344,0.609629,-0.37698263
2022-09-22 15:00:00,6,322,15,2.0160334,0.5794583,-0.3950109
2022-09-22 16:00:00,6,322,16,1.3952501,0.7164125,-0.3444631
2022-09-22 17:00:00,6,322,17,0.5947501,0.93307585,-0.3279676
2022-09-22 18:00:00,6,322,18,2.9152,1.200512,-0.29134202
2022-09-22 19:00:00,6,322,19,3.3287168,1.5711478,-0.15974253
2022-09-22 20:00:00,6,322,20,3.5200667,1.8968321,0.13140002
2022-09-22 21:00:00,6,322,21,3.5401165,1.9971396,0.36646152
2022-09-22 22:00:00,6,322,22,1.3563,1.7924515,0.4424538
2022-09-22 23:00:00,6,322,23,1.3417916,1.4626986,0.4337777
2022-09-23 00:00:00,6,323,0,1.9579,1.0426718,0.36318135
2022-09-23 01:00:00,6,323,1,0.18851666,0.5527356,0.4813259
2022-09-23 02:00:00,6,323,2,0.18976666,0.42865333,0.7410797
2022-09-23 03:00:00,6,323,3,0.18791667,0.5102726,1.027096
2022-09-23 04:00:00,6,323,4,0.21705,0.5383022,0.98972577
2022-09-23 05:00:00,6,323,5,0.91838336,0.493647,1.0735232
2022-09-23 06:00:00,6,323,6,0.43916667,0.4447805,1.0254179
2022-09-23 07:00:00,6,323,7,0.0371167,0.41594025,0.723221
2022-09-23 08:00:00,6,323,8,9.613037e-08,0.45188224,0.5784055
2022-09-23 09:00:00,6,323,9,1.1698405e-07,0.63255197,0.28179666
2022-09-23 10:00:00,6,323,10,1.2207032e-07,1.058339,0.14417003
2022-09-23 11:00:00,6,323,11,0.23030011,1.3564593,-0.008363795
2022-09-23 12:00:00,6,323,12,1.9733334,1.4094235,-0.10052864
2022-09-23 13:00:00,6,323,13,0.21346678,1.210063,-0.12372172
2022-09-23 14:00:00,6,323,14,0.32406676,1.0366658,-0.21239272
2022-09-23 15:00:00,6,323,15,1.7093333,0.9321934,-0.32536894
2022-09-23 16:00:00,6,323,16,1.3570668,0.9283051,-0.37056085
2022-09-23 17:00:00,6,323,17,0.5020168,1.1401976,-0.25312936
2022-09-23 18:00:00,6,323,18,2.89065,1.492798,-0.14752766
2022-09-23 19:00:00,6,323,19,1.2017667,1.883577,-0.043409076
2022-09-23 20:00:00,6,323,20,0.8685333,2.1641264,0.21206489
2022-09-23 21:00:00,6,323,21,0.8383667,2.3347554,0.69377756
2022-09-23 22:00:00,6,323,22,1.2124,2.2895074,0.9257091
2022-09-23 23:00:00,6,323,23,2.41815,1.8460885,1.0272856
2022-09-24 00:00:00,6,324,0,0.707325,1.4238015,0.871915
2022-09-24 01:00:00,6,324,1,0.5972,0.91839665,0.377543
2022-09-24 02:00:00,6,324,2,0.89771664,0.42887002,0.46887845
2022-09-24 03:00:00,6,324,3,0.39646667,0.23486687,0.48150682
2022-09-24 04:00:00,6,324,4,0.5988,0.2362537,0.1436932
2022-09-24 05:00:00,6,324,5,0.45298332,0.22145468,0.4542198
2022-09-24 06:00:00,6,324,6,0.28795,0.21901833,0.72639644
2022-09-24 07:00:00,6,324,7,0.2518834,0.29796848,0.82377523
2022-09-24 08:00:00,6,324,8,0.22993343,0.55160046,0.7871918
2022-09-24 09:00:00,6,324,9,0.20831677,0.96428084,0.6154751
2022-09-24 10:00:00,6,324,10,0.36223343,1.2711653,0.40618926
2022-09-24 11:00:00,6,324,11,0.16710012,1.4061034,0.3175761
2022-09-24 12:00:00,6,324,12,0.36123344,1.2802631,0.33265758
2022-09-24 13:00:00,6,324,13,0.36338344,1.0930611,0.2905468
2022-09-24 14:00:00,6,324,14,0.4052001,0.9716546,0.21866864
2022-09-24 15:00:00,6,324,15,1.1982667,0.83077663,0.08221829
2022-09-24 16:00:00,6,324,16,2.4575055,0.9493555,-0.00835621
2022-09-24 17:00:00,6,324,17,2.64545,0.9732254,0.020017985
2022-09-24 18:00:00,6,324,18,2.9641445,1.0848788,0.096178174
2022-09-24 19:00:00,6,324,19,3.5414333,1.2537184,0.12777436
2022-09-24 20:00:00,6,324,20,2.7939,1.3997616,0.21041352
2022-09-24 21:00:00,6,324,21,1.2881833,1.4060911,0.3599245
2022-09-24 22:00:00,6,324,22,1.3671334,1.2944864,0.2386929
2022-09-24 23:00:00,6,324,23,1.5997833,0.9636491,0.3256233
2022-09-25 00:00:00,6,325,0,2.4395332,0.7565562,0.3801855
2022-09-25 01:00:00,6,325,1,0.60755,0.51452905,0.16950265
2022-09-25 02:00:00,6,325,2,3.8127334,0.46434286,0.459224
2022-09-25 03:00:00,6,325,3,1.4204,0.46719727,0.5263899
2022-09-25 04:00:00,6,325,4,0.18665,0.43930274,0.6673628
2022-09-25 05:00:00,6,325,5,0.18241666,0.4720865,0.8349093
2022-09-25 06:00:00,6,325,6,1.26435,0.48286375,0.8897587
2022-09-25 07:00:00,6,325,7,0.2401,0.5029842,1.0480458
2022-09-25 08:00:00,6,325,8,0.016850067,0.5446232,1.2271025
2022-09-25 09:00:00,6,325,9,0.114233404,0.8879593,1.2738317
2022-09-25 10:00:00,6,325,10,0.13625008,1.2425138,1.2007833
2022-09-25 11:00:00,6,325,11,0.6213001,1.3986746,0.944951
2022-09-25 12:00:00,6,325,12,2.42265,1.4952155,0.76125216
2022-09-25 13:00:00,6,325,13,0.3537001,1.430904,0.71454805
2022-09-25 14:00:00,6,325,14,1.4248667,1.2156373,0.46005377
2022-09-25 15:00:00,6,325,15,2.8156333,1.0056944,0.27969337
2022-09-25 16:00:00,6,325,16,1.1183168,0.994482,0.21198839
2022-09-25 17:00:00,6,325,17,2.61,0.9668351,0.15942669
2022-09-25 18:00:00,6,325,18,2.504539,1.1051093,0.19173974
2022-09-25 19:00:00,6,325,19,2.4839666,1.4145886,0.24290618
2022-09-25 20:00:00,6,325,20,0.62991667,1.7817172,0.594866
2022-09-25 21:00:00,6,325,21,3.5471168,2.0343986,1.0324873
2022-09-25 22:00:00,6,325,22,1.2569333,1.885878,1.1967927
2022-09-25 23:00:00,6,325,23,1.5957167,1.4285364,0.8975928
2022-09-26 00:00:00,6,326,0,1.18335,0.9593685,0.41333
2022-09-26 01:00:00,6,326,1,0.19246666,0.6396008,0.29472518
2022-09-26 02:00:00,6,326,2,0.23255,0.4814116,0.26647127
2022-09-26 03:00:00,6,326,3,1.9262834,0.37783977,0.54970217
2022-09-26 04:00:00,6,326,4,0.42915,0.50453216,0.96138203
2022-09-26 05:00:00,6,326,5,0.18441667,0.40323237,1.132914
2022-09-26 06:00:00,6,326,6,0.09005,0.41935387,1.0022346
2022-09-26 07:00:00,6,326,7,0.8736,0.38534662,0.6860842
2022-09-26 08:00:00,6,326,8,1.09165,0.3817475,0.52921027
2022-09-26 09:00:00,6,326,9,1.17492675e-07,0.19082539,0.28421223
2022-09-26 10:00:00,6,326,10,0.33023342,0.32460368,0.12697735
2022-09-26 11:00:00,6,326,11,2.2387333,0.56306285,0.14739266
2022-09-26 12:00:00,6,326,12,0.95106673,0.6456133,0.11344457
2022-09-26 13:00:00,6,326,13,1.180013e-07,0.61839634,0.049664322
2022-09-26 14:00:00,6,326,14,1.4783916,0.6554528,0.04662252
2022-09-26 15:00:00,6,326,15,1.2207032e-07,0.70794016,-0.057820883
2022-09-26 16:00:00,6,326,16,2.2267501,0.95542425,-0.092225075
2022-09-26 17:00:00,6,326,17,2.9298167,1.1433218,-0.0016180836
2022-09-26 18:00:00,6,326,18,1.8905,1.4219345,-0.071941614
2022-09-26 19:00:00,6,326,19,4.30005,1.6900331,-0.09287077
2022-09-26 20:00:00,6,326,20,3.7103167,1.9483069,0.07016757
2022-09-26 21:00:00,6,326,21,1.3470167,1.9957992,0.21900025
2022-09-26 22:00:00,6,326,22,2.6556666,1.6056489,0.31411222
2022-09-26 23:00:00,6,326,23,1.27115,1.206849,0.14843991
2022-09-27 00:00:00,6,327,0,0.59096664,0.54343534,0.24379927
2022-09-27 01:00:00,6,327,1,0.36080834,0.34701464,0.11748773
2022-09-27 02:00:00,6,327,2,2.3588166,0.34416857,0.29596654
2022-09-27 03:00:00,6,327,3,0.5341833,0.3370789,0.28876463
2022-09-27 04:00:00,6,327,4,0.43203333,0.34698674,0.2553383
2022-09-27 05:00:00,6,327,5,0.30644166,0.37973157,0.6161144
2022-09-27 06:00:00,6,327,6,0.13096666,0.36923486,0.95744646
2022-09-27 07:00:00,6,327,7,0.11338333,0.40336302,0.9852314
2022-09-27 08:00:00,6,327,8,0.37765002,0.47946927,0.97803986
2022-09-27 09:00:00,6,327,9,0.119316764,0.6823934,0.7990259
2022-09-27 10:00:00,6,327,10,2.0684834,0.85020655,0.38217175
2022-09-27 11:00:00,6,327,11,0.20051678,1.0893093,0.15053481
2022-09-27 12:00:00,6,327,12,1.2207032e-07,1.0773433,0.20141599
2022-09-27 13:00:00,6,327,13,0.97295004,0.9376368,0.21045339
2022-09-27 14:00:00,6,327,14,0.82191676,0.8066896,0.058195237
2022-09-27 15:00:00,6,327,15,1.0289917,0.8947222,-0.122058064
2022-09-27 16:00:00,6,327,16,1.2207032e-07,0.858733,-0.18737614
2022-09-27 17:00:00,6,327,17,1.1476167,0.925623,-0.12811136
2022-09-27 18:00:00,6,327,18,2.9061,1.25034,-0.07616803
2022-09-27 19:00:00,6,327,19,0.4792167,1.5042708,0.01725671
2022-09-27 20:00:00,6,327,20,0.34106666,1.8978277,0.1678598
2022-09-27 21:00:00,6,327,21,0.48358333,2.002418,0.34762043
2022-09-27 22:00:00,6,327,22,0.51421666,1.8718969,0.5575343
2022-09-27 23:00:00,6,327,23,0.9084833,1.2977294,0.6077979
2022-09-28 00:00:00,6,328,0,3.3502834,0.84030974,0.2068771
2022-09-28 01:00:00,6,328,1,1.7726,0.5127714,0.33172336
2022-09-28 02:00:00,6,328,2,0.9431667,0.3581924,0.28763884
2022-09-28 03:00:00,6,328,3,0.29121667,0.3514329,0.23462228
2022-09-28 04:00:00,6,328,4,1.6856667,0.39221886,0.45602056
2022-09-28 05:00:00,6,328,5,0.3263,0.3535633,0.5755069
2022-09-28 06:00:00,6,328,6,0.11321667,0.4340116,0.69453716
2022-09-28 07:00:00,6,328,7,0.0005500921,0.4516279,0.91577667
2022-09-28 08:00:00,6,328,8,9.358724e-08,0.5066502,0.8558037
2022-09-28 09:00:00,6,328,9,1.0528564e-07,0.65877897,0.38712877
2022-09-28 10:00:00,6,328,10,1.2156168e-07,1.1342415,0.041157592
2022-09-28 11:00:00,6,328,11,1.9879334,1.2968999,-0.018934857
2022-09-28 12:00:00,6,328,12,1.3998834,1.2919616,0.14885703
2022-09-28 13:00:00,6,328,13,1.2207032e-07,1.0664226,0.022131298
2022-09-28 14:00:00,6,328,14,1.2207032e-07,1.0071688,-0.21595562
2022-09-28 15:00:00,6,328,15,1.2207032e-07,0.908202,-0.33301255
2022-09-28 16:00:00,6,328,16,0.17050011,0.9576127,-0.324877
2022-09-28 17:00:00,6,328,17,2.5889168,1.2325438,-0.32020906
2022-09-28 18:00:00,6,328,18,3.2994332,1.4006685,-0.33022344
2022-09-28 19:00:00,6,328,19,1.6589583,1.6169244,-0.16387343
2022-09-28 20:00:00,6,328,20,1.7018167,1.758828,0.115149915
2022-09-28 21:00:00,6,328,21,0.18775,1.7834285,0.3041516
2022-09-28 22:00:00,6,328,22,2.44225,1.5771139,0.25201273
2022-09-28 23:00:00,6,328,23,3.2774,1.1611687,0.05760413
2022-09-29 00:00:00,6,329,0,0.21016666,0.59390265,0.10258545
2022-09-29 01:00:00,6,329,1,2.40795,0.3564949,0.21363012
2022-09-29 02:00:00,6,329,2,1.1177,0.42347205,0.45709407
2022-09-29 03:00:00,6,329,3,0.18955,0.41794673,0.81759775
2022-09-29 04:00:00,6,329,4,0.1893,0.42282224,0.9181651
2022-09-29 05:00:00,6,329,5,1.3246334,0.42789045,1.012923
2022-09-29 06:00:00,6,329,6,0.9116167,0.45551294,1.1102138
2022-09-29 07:00:00,6,329,7,0.040483356,0.32524818,0.874883
2022-09-29 08:00:00,6,329,8,9.689331e-08,0.40530306,0.6723503
2022-09-29 09:00:00,6,329,9,0.6352334,0.7261023,0.49471083
2022-09-29 10:00:00,6,329,10,1.5457834,1.1539,0.37433082
2022-09-29 11:00:00,6,329,11,1.2207032e-07,1.2849916,0.39329553
2022-09-29 12:00:00,6,329,12,1.2207032e-07,1.2072588,0.30039135
2022-09-29 13:00:00,6,329,13,1.3789334,1.2315755,0.3389574
2022-09-29 14:00:00,6,329,14,2.81615,1.3186407,0.32873565
2022-09-29 15:00:00,6,329,15,2.76455,1.3549378,0.20206624
2022-09-29 16:00:00,6,329,16,4.2109666,1.3213915,0.10674888
2022-09-29 17:00:00,6,329,17,5.8059835,1.2334696,0.019023601
2022-09-29 18:00:00,6,329,18,4.5307,1.3115433,0.04190815
2022-09-29 19:00:00,6,329,19,3.7605834,1.5245817,0.093182
2022-09-29 20:00:00,6,329,20,3.7928,1.7571611,0.3464797
2022-09-29 21:00:00,6,329,21,3.7496166,1.9577941,0.87335646
2022-09-29 22:00:00,6,329,22,1.7103833,1.9302247,1.0263717
2022-09-29 23:00:00,6,329,23,1.88725,1.6170722,1.0059519
2022-09-30 00:00:00,6,330,0,1.4498084,1.0684273,0.516284
2022-09-30 01:00:00,6,330,1,0.75731665,0.72223324,0.3244148
2022-09-30 02:00:00,6,330,2,1.2976333,0.6435327,0.8465209
2022-09-30 03:00:00,6,330,3,2.5957167,0.6837358,0.83041596
2022-09-30 04:00:00,6,330,4,0.8738,0.6488701,1.2241211
2022-09-30 05:00:00,6,330,5,0.9434278,0.5902435,1.1545261
2022-09-30 06:00:00,6,330,6,1.0957278,0.48901805,0.86100984
2022-09-30 07:00:00,6,330,7,1.3651,0.62740904,0.9733038
2022-09-30 08:00:00,6,330,8,0.062200032,0.58092785,0.85904914
2022-09-30 09:00:00,6,330,9,1.159668e-07,0.6184086,0.60413927
2022-09-30 10:00:00,6,330,10,1.2207032e-07,0.74092096,0.28700143
2022-09-30 11:00:00,6,330,11,1.2207032e-07,1.0646201,0.09163548
2022-09-30 12:00:00,6,330,12,1.1468334,1.2787626,0.023255695
2022-09-30 13:00:00,6,330,13,1.2207032e-07,1.3153952,-0.094401225
2022-09-30 14:00:00,6,330,14,2.5142,1.2553425,-0.18846014
2022-09-30 15:00:00,6,330,15,1.5650166,1.2491239,-0.14729393
2022-09-30 16:00:00,6,330,16,2.5675666,1.3883522,-0.015647199
2022-09-30 17:00:00,6,330,17,3.35545,1.6460329,0.25278246
2022-09-30 18:00:00,6,330,18,3.4456666,1.8598782,0.5213571
2022-09-30 19:00:00,6,330,19,3.3978417,2.074135,0.7632752
2022-09-30 20:00:00,6,330,20,3.5220332,2.1921554,1.181327
2022-09-30 21:00:00,6,330,21,3.9641833,2.0170002,1.1626316
2022-09-30 22:00:00,6,330,22,1.7485334,1.6236783,1.2221607
2022-09-30 23:00:00,6,330,23,1.2368,1.1943377,0.9796211
